# ************************************************************
# Sequel Pro SQL dump
# Versión 4541
#
# http://www.sequelpro.com/
# https://github.com/sequelpro/sequelpro
#
# Host: 127.0.0.1 (MySQL 5.5.57-cll)
# Base de datos: wwwpards_app
# Tiempo de Generación: 2017-12-06 11:16:15 +0000
# ************************************************************


/*!40101 SET @OLD_CHARACTER_SET_CLIENT=@@CHARACTER_SET_CLIENT */;
/*!40101 SET @OLD_CHARACTER_SET_RESULTS=@@CHARACTER_SET_RESULTS */;
/*!40101 SET @OLD_COLLATION_CONNECTION=@@COLLATION_CONNECTION */;
/*!40101 SET NAMES utf8 */;
/*!40014 SET @OLD_FOREIGN_KEY_CHECKS=@@FOREIGN_KEY_CHECKS, FOREIGN_KEY_CHECKS=0 */;
/*!40101 SET @OLD_SQL_MODE=@@SQL_MODE, SQL_MODE='NO_AUTO_VALUE_ON_ZERO' */;
/*!40111 SET @OLD_SQL_NOTES=@@SQL_NOTES, SQL_NOTES=0 */;


# Volcado de tabla compania
# ------------------------------------------------------------

DROP TABLE IF EXISTS `compania`;

CREATE TABLE `compania` (
  `id` int(11) NOT NULL AUTO_INCREMENT,
  `creado_por_id` int(11) DEFAULT NULL,
  `actualizado_por_id` int(11) DEFAULT NULL,
  `nombre` varchar(255) COLLATE utf8_unicode_ci NOT NULL,
  `descripcion` varchar(255) COLLATE utf8_unicode_ci DEFAULT NULL,
  `acronimo` varchar(15) COLLATE utf8_unicode_ci NOT NULL,
  `activo` tinyint(1) NOT NULL,
  `fecha_creacion` datetime NOT NULL,
  `fecha_actualizacion` datetime NOT NULL,
  PRIMARY KEY (`id`),
  UNIQUE KEY `UNIQ_44594F1A3A909126` (`nombre`),
  KEY `IDX_44594F1AFE35D8C4` (`creado_por_id`),
  KEY `IDX_44594F1AF6167A1C` (`actualizado_por_id`),
  CONSTRAINT `FK_44594F1AF6167A1C` FOREIGN KEY (`actualizado_por_id`) REFERENCES `fos_user` (`id`),
  CONSTRAINT `FK_44594F1AFE35D8C4` FOREIGN KEY (`creado_por_id`) REFERENCES `fos_user` (`id`)
) ENGINE=InnoDB DEFAULT CHARSET=utf8 COLLATE=utf8_unicode_ci;

LOCK TABLES `compania` WRITE;
/*!40000 ALTER TABLE `compania` DISABLE KEYS */;

INSERT INTO `compania` (`id`, `creado_por_id`, `actualizado_por_id`, `nombre`, `descripcion`, `acronimo`, `activo`, `fecha_creacion`, `fecha_actualizacion`)
VALUES
	(1,1,1,'Pardsrl',NULL,'pardsrl',1,'2017-05-26 00:00:00','2017-05-26 00:00:00'),
	(2,2,2,'DLS Argentina',NULL,'DLS',1,'2017-06-14 21:25:04','2017-06-14 21:25:04'),
	(3,1,1,'Pan American Energy',NULL,'pae',1,'2017-06-17 02:47:39','2017-06-17 02:47:39');

/*!40000 ALTER TABLE `compania` ENABLE KEYS */;
UNLOCK TABLES;


# Volcado de tabla configuracion
# ------------------------------------------------------------

DROP TABLE IF EXISTS `configuracion`;

CREATE TABLE `configuracion` (
  `id` int(11) NOT NULL AUTO_INCREMENT,
  `persona_id` int(11) DEFAULT NULL,
  `configuracion` longtext COLLATE utf8_unicode_ci NOT NULL COMMENT '(DC2Type:json_array)',
  PRIMARY KEY (`id`),
  UNIQUE KEY `UNIQ_682CCAF1F5F88DB9` (`persona_id`),
  CONSTRAINT `FK_682CCAF1F5F88DB9` FOREIGN KEY (`persona_id`) REFERENCES `persona` (`id`)
) ENGINE=InnoDB DEFAULT CHARSET=utf8 COLLATE=utf8_unicode_ci;

LOCK TABLES `configuracion` WRITE;
/*!40000 ALTER TABLE `configuracion` DISABLE KEYS */;

INSERT INTO `configuracion` (`id`, `persona_id`, `configuracion`)
VALUES
	(1,2,'{\"historicoPozo\":true,\"historicoManiobras\":true,\"tiempoRealPozo\":true,\"tiempoRealManiobras\":true}'),
	(2,3,'{\"historicoPozo\":true,\"historicoManiobras\":true,\"tiempoRealPozo\":true,\"tiempoRealManiobras\":true}'),
	(3,4,'{\"historicoPozo\":true,\"historicoManiobras\":true,\"tiempoRealPozo\":true,\"tiempoRealManiobras\":true}'),
	(4,5,'{\"historicoPozo\":true,\"historicoManiobras\":true,\"tiempoRealPozo\":true,\"tiempoRealManiobras\":true}'),
	(5,6,'{\"historicoPozo\":true,\"historicoManiobras\":true,\"tiempoRealPozo\":true,\"tiempoRealManiobras\":true}'),
	(6,7,'{\"historicoPozo\":true,\"historicoManiobras\":true,\"tiempoRealPozo\":true,\"tiempoRealManiobras\":true}'),
	(7,8,'{\"historicoPozo\":true,\"historicoManiobras\":true,\"tiempoRealPozo\":true,\"tiempoRealManiobras\":true}'),
	(8,9,'{\"historicoPozo\":true,\"historicoManiobras\":true,\"tiempoRealPozo\":true,\"tiempoRealManiobras\":true}');

/*!40000 ALTER TABLE `configuracion` ENABLE KEYS */;
UNLOCK TABLES;


# Volcado de tabla ensayo
# ------------------------------------------------------------

DROP TABLE IF EXISTS `ensayo`;

CREATE TABLE `ensayo` (
  `id` int(11) NOT NULL AUTO_INCREMENT,
  `tuberia_id` int(11) DEFAULT NULL,
  `instrumento_id` int(11) DEFAULT NULL,
  `creado_por_id` int(11) DEFAULT NULL,
  `actualizado_por_id` int(11) DEFAULT NULL,
  `inicio` datetime NOT NULL,
  `fin` datetime NOT NULL,
  `metodo` varchar(255) COLLATE utf8_unicode_ci NOT NULL,
  `activo` tinyint(1) NOT NULL,
  `fecha_creacion` datetime NOT NULL,
  `fecha_actualizacion` datetime NOT NULL,
  PRIMARY KEY (`id`),
  KEY `IDX_DC96E675250E3A38` (`tuberia_id`),
  KEY `IDX_DC96E67540B7B70` (`instrumento_id`),
  KEY `IDX_DC96E675FE35D8C4` (`creado_por_id`),
  KEY `IDX_DC96E675F6167A1C` (`actualizado_por_id`),
  CONSTRAINT `FK_DC96E675250E3A38` FOREIGN KEY (`tuberia_id`) REFERENCES `tuberia` (`id`),
  CONSTRAINT `FK_DC96E67540B7B70` FOREIGN KEY (`instrumento_id`) REFERENCES `instrumento` (`id`),
  CONSTRAINT `FK_DC96E675F6167A1C` FOREIGN KEY (`actualizado_por_id`) REFERENCES `fos_user` (`id`),
  CONSTRAINT `FK_DC96E675FE35D8C4` FOREIGN KEY (`creado_por_id`) REFERENCES `fos_user` (`id`)
) ENGINE=InnoDB DEFAULT CHARSET=utf8 COLLATE=utf8_unicode_ci;



# Volcado de tabla equipo
# ------------------------------------------------------------

DROP TABLE IF EXISTS `equipo`;

CREATE TABLE `equipo` (
  `id` int(11) NOT NULL AUTO_INCREMENT,
  `compania_id` int(11) NOT NULL,
  `creado_por_id` int(11) DEFAULT NULL,
  `actualizado_por_id` int(11) DEFAULT NULL,
  `nombre` varchar(255) COLLATE utf8_unicode_ci NOT NULL,
  `modelo` varchar(100) COLLATE utf8_unicode_ci NOT NULL,
  `tel` varchar(50) COLLATE utf8_unicode_ci DEFAULT NULL,
  `email` varchar(100) COLLATE utf8_unicode_ci DEFAULT NULL,
  `activo` tinyint(1) NOT NULL,
  `fecha_creacion` datetime NOT NULL,
  `fecha_actualizacion` datetime NOT NULL,
  PRIMARY KEY (`id`),
  KEY `IDX_C49C530B12A65948` (`compania_id`),
  KEY `IDX_C49C530BFE35D8C4` (`creado_por_id`),
  KEY `IDX_C49C530BF6167A1C` (`actualizado_por_id`),
  CONSTRAINT `FK_C49C530B12A65948` FOREIGN KEY (`compania_id`) REFERENCES `compania` (`id`),
  CONSTRAINT `FK_C49C530BF6167A1C` FOREIGN KEY (`actualizado_por_id`) REFERENCES `fos_user` (`id`),
  CONSTRAINT `FK_C49C530BFE35D8C4` FOREIGN KEY (`creado_por_id`) REFERENCES `fos_user` (`id`)
) ENGINE=InnoDB DEFAULT CHARSET=utf8 COLLATE=utf8_unicode_ci;

LOCK TABLES `equipo` WRITE;
/*!40000 ALTER TABLE `equipo` DISABLE KEYS */;

INSERT INTO `equipo` (`id`, `compania_id`, `creado_por_id`, `actualizado_por_id`, `nombre`, `modelo`, `tel`, `email`, `activo`, `fecha_creacion`, `fecha_actualizacion`)
VALUES
	(1,2,2,1,'075','2014',NULL,NULL,1,'2017-06-14 21:25:57','2017-09-25 20:47:40'),
	(2,2,2,1,'301','Pulling Pesado',NULL,NULL,1,'2017-07-12 08:19:45','2017-09-14 12:10:00');

/*!40000 ALTER TABLE `equipo` ENABLE KEYS */;
UNLOCK TABLES;


# Volcado de tabla equipo_persona
# ------------------------------------------------------------

DROP TABLE IF EXISTS `equipo_persona`;

CREATE TABLE `equipo_persona` (
  `equipo_id` int(11) NOT NULL,
  `persona_id` int(11) NOT NULL,
  PRIMARY KEY (`equipo_id`,`persona_id`),
  KEY `IDX_1CCB20B923BFBED` (`equipo_id`),
  KEY `IDX_1CCB20B9F5F88DB9` (`persona_id`),
  CONSTRAINT `FK_1CCB20B923BFBED` FOREIGN KEY (`equipo_id`) REFERENCES `equipo` (`id`) ON DELETE CASCADE,
  CONSTRAINT `FK_1CCB20B9F5F88DB9` FOREIGN KEY (`persona_id`) REFERENCES `persona` (`id`) ON DELETE CASCADE
) ENGINE=InnoDB DEFAULT CHARSET=utf8 COLLATE=utf8_unicode_ci;

LOCK TABLES `equipo_persona` WRITE;
/*!40000 ALTER TABLE `equipo_persona` DISABLE KEYS */;

INSERT INTO `equipo_persona` (`equipo_id`, `persona_id`)
VALUES
	(1,1),
	(1,2),
	(1,3),
	(1,4),
	(1,5),
	(1,6),
	(1,7),
	(1,8),
	(1,9),
	(2,1),
	(2,2),
	(2,3),
	(2,4),
	(2,5),
	(2,6),
	(2,7),
	(2,8),
	(2,9);

/*!40000 ALTER TABLE `equipo_persona` ENABLE KEYS */;
UNLOCK TABLES;


# Volcado de tabla estadistica_final
# ------------------------------------------------------------

DROP TABLE IF EXISTS `estadistica_final`;

CREATE TABLE `estadistica_final` (
  `id` int(11) NOT NULL AUTO_INCREMENT,
  `intervencion_id` int(11) DEFAULT NULL,
  `tiempo_total` varchar(255) COLLATE utf8_unicode_ci NOT NULL,
  `tiempo_maniobras` varchar(255) COLLATE utf8_unicode_ci NOT NULL,
  `prom_vb` double NOT NULL,
  `prom_tbg` double NOT NULL,
  `ftu` double NOT NULL,
  `cant_alertas` int(11) NOT NULL,
  `tiempo_online` varchar(255) COLLATE utf8_unicode_ci NOT NULL,
  `observada` tinyint(1) NOT NULL,
  `observaciones` longtext COLLATE utf8_unicode_ci NOT NULL,
  PRIMARY KEY (`id`),
  UNIQUE KEY `UNIQ_9261AD0A2CD79A23` (`intervencion_id`),
  CONSTRAINT `FK_9261AD0A2CD79A23` FOREIGN KEY (`intervencion_id`) REFERENCES `intervencion` (`id`)
) ENGINE=InnoDB DEFAULT CHARSET=utf8 COLLATE=utf8_unicode_ci;

LOCK TABLES `estadistica_final` WRITE;
/*!40000 ALTER TABLE `estadistica_final` DISABLE KEYS */;

INSERT INTO `estadistica_final` (`id`, `intervencion_id`, `tiempo_total`, `tiempo_maniobras`, `prom_vb`, `prom_tbg`, `ftu`, `cant_alertas`, `tiempo_online`, `observada`, `observaciones`)
VALUES
	(1,1,'5','36',21,21,0.9,4,'5',0,' '),
	(2,5,'5','36',21,21,0.9,4,'5',0,' '),
	(7,7,'5','36',21,21,0.9,4,'5',0,' '),
	(8,9,'5','36',21,21,0.9,4,'5',0,' '),
	(9,11,'5','36',21,21,0.9,4,'5',0,' '),
	(10,15,'5','36',21,21,0.9,4,'5',0,' '),
	(12,17,'5','36',21,21,0.9,4,'5',0,' '),
	(105,19,'5','36',21,21,0.9,4,'5',0,' '),
	(128,21,'5','36',21,21,0.9,4,'5',0,' '),
	(161,25,'5','36',21,21,0.9,4,'5',0,' '),
	(214,29,'5','36',21,21,0.9,4,'5',0,' '),
	(253,31,'5','36',21,21,0.9,4,'5',0,' '),
	(325,33,'5','36',21,21,0.9,4,'5',0,' '),
	(385,35,'5','36',21,21,0.9,4,'5',0,' '),
	(475,37,'5','36',21,21,0.9,4,'5',0,' '),
	(690,39,'5','36',21,21,0.9,4,'5',0,' '),
	(712,41,'5','36',21,21,0.9,4,'5',0,' '),
	(747,43,'5','36',21,21,0.9,4,'5',0,' '),
	(775,45,'5','36',21,21,0.9,4,'5',0,' '),
	(805,47,'5','36',21,21,0.9,4,'5',0,' '),
	(837,49,'5','36',21,21,0.9,4,'5',0,' '),
	(842,51,'5','36',21,21,0.9,4,'5',0,' '),
	(9708,53,'5','36',21,21,0.9,4,'5',0,' '),
	(9709,55,'5','36',21,21,0.9,4,'5',0,' '),
	(9710,57,'5','36',21,21,0.9,4,'5',0,' '),
	(9711,59,'5','36',21,21,0.9,4,'5',0,' '),
	(9712,61,'5','36',21,21,0.9,4,'5',0,' '),
	(9713,63,'5','36',21,21,0.9,4,'5',0,' '),
	(9714,65,'5','36',21,21,0.9,4,'5',0,' '),
	(9715,68,'5','36',21,21,0.9,4,'5',0,' '),
	(9716,70,'5','36',21,21,0.9,4,'5',0,' '),
	(9717,67,'5','36',21,21,0.9,4,'5',0,' '),
	(9718,74,'5','36',21,21,0.9,4,'5',0,' '),
	(9719,76,'5','36',21,21,0.9,4,'5',0,' '),
	(9720,72,'5','36',21,21,0.9,4,'5',0,' '),
	(9721,78,'5','36',21,21,0.9,4,'5',0,' '),
	(9722,82,'5','36',21,21,0.9,4,'5',0,' '),
	(9723,80,'5','36',21,21,0.9,4,'5',0,' '),
	(9724,86,'5','36',21,21,0.9,4,'5',0,' '),
	(9725,88,'9_dias_2_horas','36',21,21,0.9,4,'5',0,' '),
	(9726,94,'3_dias_8_horas','36',21,21,0.9,4,'5',0,' '),
	(9727,96,'2_dias_23_horas','36',21,21,0.9,4,'5',0,' '),
	(9728,98,'4_dias_16_horas','36',21,21,0.9,4,'5',0,' ');

/*!40000 ALTER TABLE `estadistica_final` ENABLE KEYS */;
UNLOCK TABLES;


# Volcado de tabla estadistica_temporal
# ------------------------------------------------------------

DROP TABLE IF EXISTS `estadistica_temporal`;

CREATE TABLE `estadistica_temporal` (
  `id` int(11) NOT NULL AUTO_INCREMENT,
  `equipo_id` int(11) NOT NULL,
  `creado_por_id` int(11) DEFAULT NULL,
  `actualizado_por_id` int(11) DEFAULT NULL,
  `datos` longtext COLLATE utf8_unicode_ci COMMENT '(DC2Type:json_array)',
  `activo` tinyint(1) NOT NULL,
  `fecha_creacion` datetime NOT NULL,
  `fecha_actualizacion` datetime NOT NULL,
  PRIMARY KEY (`id`),
  KEY `IDX_8CC23BC723BFBED` (`equipo_id`),
  KEY `IDX_8CC23BC7FE35D8C4` (`creado_por_id`),
  KEY `IDX_8CC23BC7F6167A1C` (`actualizado_por_id`),
  CONSTRAINT `FK_8CC23BC723BFBED` FOREIGN KEY (`equipo_id`) REFERENCES `equipo` (`id`),
  CONSTRAINT `FK_8CC23BC7F6167A1C` FOREIGN KEY (`actualizado_por_id`) REFERENCES `fos_user` (`id`),
  CONSTRAINT `FK_8CC23BC7FE35D8C4` FOREIGN KEY (`creado_por_id`) REFERENCES `fos_user` (`id`)
) ENGINE=InnoDB DEFAULT CHARSET=utf8 COLLATE=utf8_unicode_ci;

LOCK TABLES `estadistica_temporal` WRITE;
/*!40000 ALTER TABLE `estadistica_temporal` DISABLE KEYS */;

INSERT INTO `estadistica_temporal` (`id`, `equipo_id`, `creado_por_id`, `actualizado_por_id`, `datos`, `activo`, `fecha_creacion`, `fecha_actualizacion`)
VALUES
	(1,1,1,1,'{\"estado_general\": {\"luminicas\": {\"nina\": 1,\"online\": 0,\"peso\": 1,\"llave\": 1,\"b_pozo\": 1,\"viento\": 1,\"h2sp\": 0,\"h2sbp\": 0},\"texto\": {\"udato\": \"2017-11-29 07:39:39\"}},\"historico\":{\"t_total\": 998.0,\"t_maniobras\": 29.017,\"ftu\": 0.029,\"saca\":{\"prom_tbg\": 0,\"cant_tbg\": 584,\"prom_vb\": 0,\"cant_vb\": 0},\"baja\":{\"prom_tbg\": 12.6822207671,\"cant_tbg\": 368,\"prom_vb\": 0,\"cant_vb\": 0}}}',1,'2017-01-01 00:00:00','2017-12-05 15:18:02'),
	(2,2,1,1,'{\"estado_general\": {\"luminicas\": {\"nina\": 1,\"online\": 0,\"peso\": 1,\"llave\": 1,\"b_pozo\": 1,\"viento\": 1,\"h2sp\": 0,\"h2sbp\": 0},\"texto\": {\"udato\": \"2017-09-12 12:17:52\"}},\"historico\":{\"t_total\": 797.0,\"t_maniobras\": 62.767,\"ftu\": 0.079,\"saca\":{\"prom_tbg\": 0,\"cant_tbg\": 251,\"prom_vb\": 8,\"cant_vb\": 213},\"baja\":{\"prom_tbg\": 0,\"cant_tbg\": 237,\"prom_vb\": 8,\"cant_vb\": 213}}}',1,'2017-01-01 00:00:00','2017-09-14 13:49:37');

/*!40000 ALTER TABLE `estadistica_temporal` ENABLE KEYS */;
UNLOCK TABLES;


# Volcado de tabla fos_user
# ------------------------------------------------------------

DROP TABLE IF EXISTS `fos_user`;

CREATE TABLE `fos_user` (
  `id` int(11) NOT NULL AUTO_INCREMENT,
  `username` varchar(180) COLLATE utf8_unicode_ci NOT NULL,
  `username_canonical` varchar(180) COLLATE utf8_unicode_ci NOT NULL,
  `email` varchar(180) COLLATE utf8_unicode_ci NOT NULL,
  `email_canonical` varchar(180) COLLATE utf8_unicode_ci NOT NULL,
  `enabled` tinyint(1) NOT NULL,
  `salt` varchar(255) COLLATE utf8_unicode_ci DEFAULT NULL,
  `password` varchar(255) COLLATE utf8_unicode_ci NOT NULL,
  `last_login` datetime DEFAULT NULL,
  `confirmation_token` varchar(180) COLLATE utf8_unicode_ci DEFAULT NULL,
  `password_requested_at` datetime DEFAULT NULL,
  `roles` longtext COLLATE utf8_unicode_ci NOT NULL COMMENT '(DC2Type:array)',
  PRIMARY KEY (`id`),
  UNIQUE KEY `UNIQ_957A647992FC23A8` (`username_canonical`),
  UNIQUE KEY `UNIQ_957A6479A0D96FBF` (`email_canonical`),
  UNIQUE KEY `UNIQ_957A6479C05FB297` (`confirmation_token`)
) ENGINE=InnoDB DEFAULT CHARSET=utf8 COLLATE=utf8_unicode_ci;

LOCK TABLES `fos_user` WRITE;
/*!40000 ALTER TABLE `fos_user` DISABLE KEYS */;

INSERT INTO `fos_user` (`id`, `username`, `username_canonical`, `email`, `email_canonical`, `enabled`, `salt`, `password`, `last_login`, `confirmation_token`, `password_requested_at`, `roles`)
VALUES
	(1,'santiago.semhan','santiago.semhan','santiagosemhan@gmail.com','santiagosemhan@gmail.com',1,NULL,'$2y$13$DVyixJXfcmHIg9ds8l/zf.GzMscDAAoiXxXdJ6jR28tX5WpSP0XeC','2017-12-06 08:00:57',NULL,NULL,'a:1:{i:0;s:16:\"ROLE_SUPER_ADMIN\";}'),
	(2,'oscar.pirelli','oscar.pirelli','oscar.pirelli@pardsrl.com.ar','oscar.pirelli@pardsrl.com.ar',1,NULL,'$2y$13$XW.uX0p8xQj174eFd7lS7OSEEYgBWuwOo2gcVB31vic9.YgS6nhi.','2017-12-05 14:50:17',NULL,NULL,'a:1:{i:0;s:16:\"ROLE_SUPER_ADMIN\";}'),
	(3,'pablo.abuin','pablo.abuin','pablo.abuin@pardsrl.com.ar','pablo.abuin@pardsrl.com.ar',1,NULL,'$2y$13$5Iuanm/4YPm6lOGly54/MOqsJP9GsFTla/Dq8WW.dAujSSX/3kRoq','2017-12-06 08:14:06',NULL,NULL,'a:1:{i:0;s:16:\"ROLE_SUPER_ADMIN\";}'),
	(4,'fernando.figueroa','fernando.figueroa','fffigueroa@pan-energy.com','fffigueroa@pan-energy.com',1,NULL,'$2y$13$Y2VXyLUfiqM8wRF8hFHbBO2FycBFz5K3oN0bCwZYFixfyRvFcfnHi','2017-09-25 12:35:23',NULL,NULL,'a:1:{i:0;s:21:\"ROLE_USUARIO_AVANZADO\";}'),
	(5,'isaac.julian','isaac.julian','djulian@pan-energy.com','djulian@pan-energy.com',1,NULL,'$2y$13$FP.TGfgf86XidRr3AS6w/uL74u10pS48Gq4F5O6V3npR26osw7jBm','2017-08-04 08:39:15',NULL,NULL,'a:1:{i:0;s:21:\"ROLE_USUARIO_AVANZADO\";}'),
	(6,'miguel.colla','miguel.colla','mcolla@pan-energy.com','mcolla@pan-energy.com',1,NULL,'$2y$13$lED4nDma1laTyfiNaA5l5uOoFaTVF5FptYK0VDpEwKpMX98T4eqHq','2017-06-21 17:14:57',NULL,NULL,'a:1:{i:0;s:10:\"ROLE_ADMIN\";}'),
	(7,'test','test','test@pardsrl.com.ar','test@pardsrl.com.ar',1,NULL,'$2y$13$mvS..t0dyYU2/sTaMiXwY.tPk1FWMUhP0O6NUtdVIqadGkD4lshMK','2017-10-19 17:09:28',NULL,NULL,'a:1:{i:0;s:17:\"ROLE_USUARIO_BASE\";}'),
	(8,'carlos.moure','carlos.moure','carlos.moure@dls-archer.com','carlos.moure@dls-archer.com',1,NULL,'$2y$13$qYqfe8Okv9g68PtwoabahecMtR6uJC0OIjXf1TOm4tthQNGVB45ti','2017-09-18 10:08:56',NULL,NULL,'a:1:{i:0;s:17:\"ROLE_USUARIO_BASE\";}'),
	(9,'juan.gongora','juan.gongora','juan.gongora@dls-archer.com','juan.gongora@dls-archer.com',1,NULL,'$2y$13$oZUsuPurV7IEM//U2xPCYu/iBrFoNGHHtIPzGTnDiyk2zFH57nmzy','2017-09-15 09:02:06',NULL,NULL,'a:1:{i:0;s:17:\"ROLE_USUARIO_BASE\";}');

/*!40000 ALTER TABLE `fos_user` ENABLE KEYS */;
UNLOCK TABLES;


# Volcado de tabla instrumento
# ------------------------------------------------------------

DROP TABLE IF EXISTS `instrumento`;

CREATE TABLE `instrumento` (
  `id` int(11) NOT NULL AUTO_INCREMENT,
  `creado_por_id` int(11) DEFAULT NULL,
  `actualizado_por_id` int(11) DEFAULT NULL,
  `marca` varchar(255) COLLATE utf8_unicode_ci NOT NULL,
  `modelo` varchar(255) COLLATE utf8_unicode_ci NOT NULL,
  `descripcion` varchar(255) COLLATE utf8_unicode_ci NOT NULL,
  `activo` tinyint(1) NOT NULL,
  `fecha_creacion` datetime NOT NULL,
  `fecha_actualizacion` datetime NOT NULL,
  PRIMARY KEY (`id`),
  KEY `IDX_F7518244FE35D8C4` (`creado_por_id`),
  KEY `IDX_F7518244F6167A1C` (`actualizado_por_id`),
  CONSTRAINT `FK_F7518244F6167A1C` FOREIGN KEY (`actualizado_por_id`) REFERENCES `fos_user` (`id`),
  CONSTRAINT `FK_F7518244FE35D8C4` FOREIGN KEY (`creado_por_id`) REFERENCES `fos_user` (`id`)
) ENGINE=InnoDB DEFAULT CHARSET=utf8 COLLATE=utf8_unicode_ci;



# Volcado de tabla intervencion
# ------------------------------------------------------------

DROP TABLE IF EXISTS `intervencion`;

CREATE TABLE `intervencion` (
  `id` int(11) NOT NULL AUTO_INCREMENT,
  `equipo_id` int(11) NOT NULL,
  `pozo_id` int(11) NOT NULL,
  `creado_por_id` int(11) DEFAULT NULL,
  `actualizado_por_id` int(11) DEFAULT NULL,
  `fecha` datetime NOT NULL,
  `accion` tinyint(1) NOT NULL,
  `activo` tinyint(1) NOT NULL,
  `fecha_creacion` datetime NOT NULL,
  `fecha_actualizacion` datetime NOT NULL,
  PRIMARY KEY (`id`),
  KEY `IDX_1CD67B8D23BFBED` (`equipo_id`),
  KEY `IDX_1CD67B8DC181B1C3` (`pozo_id`),
  KEY `IDX_1CD67B8DFE35D8C4` (`creado_por_id`),
  KEY `IDX_1CD67B8DF6167A1C` (`actualizado_por_id`),
  CONSTRAINT `FK_1CD67B8D23BFBED` FOREIGN KEY (`equipo_id`) REFERENCES `equipo` (`id`),
  CONSTRAINT `FK_1CD67B8DC181B1C3` FOREIGN KEY (`pozo_id`) REFERENCES `pozo` (`id`),
  CONSTRAINT `FK_1CD67B8DF6167A1C` FOREIGN KEY (`actualizado_por_id`) REFERENCES `fos_user` (`id`),
  CONSTRAINT `FK_1CD67B8DFE35D8C4` FOREIGN KEY (`creado_por_id`) REFERENCES `fos_user` (`id`)
) ENGINE=InnoDB DEFAULT CHARSET=utf8 COLLATE=utf8_unicode_ci;

LOCK TABLES `intervencion` WRITE;
/*!40000 ALTER TABLE `intervencion` DISABLE KEYS */;

INSERT INTO `intervencion` (`id`, `equipo_id`, `pozo_id`, `creado_por_id`, `actualizado_por_id`, `fecha`, `accion`, `activo`, `fecha_creacion`, `fecha_actualizacion`)
VALUES
	(1,2,1,2,2,'2017-07-11 00:00:00',0,1,'2017-07-12 09:45:47','2017-07-12 09:45:47'),
	(2,1,2,2,2,'2017-06-15 21:03:00',0,1,'2017-07-17 09:43:12','2017-07-17 09:43:12'),
	(3,2,1,2,2,'2017-07-17 06:00:00',1,1,'2017-07-17 14:48:48','2017-07-17 14:48:48'),
	(4,1,2,2,2,'2017-06-28 00:00:00',1,1,'2017-07-18 23:37:57','2017-07-18 23:37:57'),
	(5,1,2,2,2,'2017-06-28 00:00:00',0,1,'2017-07-19 00:13:30','2017-07-19 00:13:30'),
	(6,1,2,2,2,'2017-06-28 07:00:00',1,1,'2017-07-19 00:30:05','2017-07-19 00:30:05'),
	(7,1,2,2,2,'2017-06-28 07:01:00',0,1,'2017-07-21 09:38:47','2017-07-21 09:38:47'),
	(8,1,2,2,2,'2017-06-28 08:00:00',1,1,'2017-07-21 09:41:13','2017-07-21 09:41:13'),
	(9,1,2,2,2,'2017-06-28 09:00:00',0,1,'2017-07-21 10:03:11','2017-07-21 10:03:11'),
	(10,1,2,2,2,'2017-06-28 10:00:00',1,1,'2017-07-21 10:05:57','2017-07-21 10:05:57'),
	(11,1,2,2,2,'2017-06-28 10:01:00',0,1,'2017-07-21 10:15:07','2017-07-21 10:15:07'),
	(12,1,2,2,2,'2017-06-28 11:00:00',1,1,'2017-07-21 10:16:47','2017-07-21 10:16:47'),
	(13,1,2,2,2,'2017-06-28 11:01:00',0,1,'2017-07-21 10:41:54','2017-07-21 10:41:54'),
	(14,1,2,2,2,'2017-06-28 12:00:00',1,1,'2017-07-21 10:42:24','2017-07-21 10:42:24'),
	(15,1,2,2,2,'2017-06-28 12:01:00',0,1,'2017-07-21 10:47:37','2017-07-21 10:47:37'),
	(16,1,2,2,2,'2017-06-28 13:00:00',1,1,'2017-07-21 10:49:04','2017-07-21 10:49:04'),
	(17,1,2,2,2,'2017-06-28 13:01:00',0,1,'2017-07-21 10:59:53','2017-07-21 10:59:53'),
	(18,1,2,2,2,'2017-06-28 14:00:00',1,1,'2017-07-21 11:01:21','2017-07-21 11:01:21'),
	(19,1,2,2,2,'2017-06-28 14:01:00',0,1,'2017-07-21 11:18:21','2017-07-21 11:18:21'),
	(20,1,2,2,2,'2017-06-28 15:00:00',1,1,'2017-07-21 11:35:45','2017-07-21 11:35:45'),
	(21,1,2,2,2,'2017-06-28 15:01:00',0,1,'2017-07-21 11:40:35','2017-07-21 11:40:35'),
	(22,1,2,2,2,'2017-06-28 16:00:00',1,1,'2017-07-21 11:41:37','2017-07-21 11:41:37'),
	(23,1,2,2,2,'2017-06-28 16:01:00',0,1,'2017-07-21 14:46:32','2017-07-21 14:46:32'),
	(24,1,2,2,2,'2017-06-28 17:00:00',1,1,'2017-07-21 14:48:26','2017-07-21 14:48:26'),
	(25,1,2,2,2,'2017-06-28 18:00:00',0,1,'2017-07-21 14:53:41','2017-07-21 14:53:41'),
	(26,1,2,2,2,'2017-06-28 19:00:00',1,1,'2017-07-21 14:55:35','2017-07-21 14:55:35'),
	(27,1,2,2,2,'2017-06-28 19:01:00',0,1,'2017-07-21 15:07:03','2017-07-21 15:07:03'),
	(28,1,2,2,2,'2017-06-28 20:00:00',1,1,'2017-07-21 15:08:28','2017-07-21 15:08:28'),
	(29,1,2,2,2,'2017-06-28 20:01:00',0,1,'2017-07-21 15:10:24','2017-07-21 15:10:24'),
	(30,1,2,2,2,'2017-06-28 21:00:00',1,1,'2017-07-21 15:11:19','2017-07-21 15:11:19'),
	(31,1,2,2,2,'2017-06-28 21:01:00',0,1,'2017-07-21 15:22:44','2017-07-21 15:22:44'),
	(32,1,2,2,2,'2017-06-28 22:00:00',1,1,'2017-07-21 15:24:41','2017-07-21 15:24:41'),
	(33,1,2,2,2,'2017-06-28 22:01:00',0,1,'2017-07-21 15:38:54','2017-07-21 15:38:54'),
	(34,1,2,2,2,'2017-06-28 23:00:00',1,1,'2017-07-21 15:43:16','2017-07-21 15:43:16'),
	(35,1,2,2,2,'2017-06-28 23:01:00',0,1,'2017-07-21 17:43:40','2017-07-21 17:43:40'),
	(36,1,2,2,2,'2017-06-29 00:00:00',1,1,'2017-07-21 17:49:57','2017-07-21 17:49:57'),
	(37,1,2,2,2,'2017-06-29 00:01:00',0,1,'2017-07-21 18:07:44','2017-07-21 18:07:44'),
	(38,1,2,2,2,'2017-06-29 01:00:00',1,1,'2017-07-21 18:09:16','2017-07-21 18:09:16'),
	(39,1,2,2,2,'2017-06-29 01:01:00',0,1,'2017-07-21 18:24:29','2017-07-21 18:24:29'),
	(40,1,2,2,2,'2017-06-29 02:00:00',1,1,'2017-07-21 18:25:36','2017-07-21 18:25:36'),
	(41,1,2,2,2,'2017-06-29 02:01:00',0,1,'2017-07-21 23:36:38','2017-07-21 23:36:38'),
	(42,1,2,2,2,'2017-06-29 03:00:00',1,1,'2017-07-21 23:38:11','2017-07-21 23:38:11'),
	(43,1,2,2,2,'2017-06-29 03:01:00',0,1,'2017-07-21 23:47:35','2017-07-21 23:47:35'),
	(44,1,2,2,2,'2017-06-29 04:00:00',1,1,'2017-07-21 23:48:18','2017-07-21 23:48:18'),
	(45,1,2,2,2,'2017-06-29 04:01:00',0,1,'2017-07-21 23:58:09','2017-07-21 23:58:09'),
	(46,1,2,2,2,'2017-06-29 05:00:00',1,1,'2017-07-21 23:58:31','2017-07-21 23:58:31'),
	(47,1,2,2,2,'2017-06-29 17:01:00',0,1,'2017-07-22 17:32:23','2017-07-22 17:32:23'),
	(48,1,2,2,2,'2017-06-29 18:00:00',1,1,'2017-07-22 17:33:31','2017-07-22 17:33:31'),
	(49,1,2,2,2,'2017-06-29 18:02:00',0,1,'2017-07-22 17:52:27','2017-07-22 17:52:27'),
	(50,1,2,2,2,'2017-06-29 19:03:00',1,1,'2017-07-22 17:52:57','2017-07-22 17:52:57'),
	(51,1,2,2,2,'2017-06-29 19:04:00',0,1,'2017-07-22 17:56:43','2017-07-22 17:56:43'),
	(52,1,2,2,2,'2017-06-29 20:00:00',1,1,'2017-07-22 18:01:32','2017-07-22 18:01:32'),
	(53,1,2,2,2,'2017-06-29 20:01:00',0,1,'2017-07-23 01:32:14','2017-07-23 01:32:14'),
	(54,1,2,2,2,'2017-06-29 21:02:00',1,1,'2017-07-23 01:34:34','2017-07-23 01:34:34'),
	(55,1,2,2,2,'2017-06-29 21:03:00',0,1,'2017-07-23 01:52:31','2017-07-23 01:52:31'),
	(56,1,2,2,2,'2017-06-29 22:04:00',1,1,'2017-07-23 01:53:34','2017-07-23 01:53:34'),
	(57,1,2,2,2,'2017-06-29 22:05:00',0,1,'2017-07-23 01:54:54','2017-07-23 01:54:54'),
	(58,1,2,2,2,'2017-06-29 23:06:00',1,1,'2017-07-23 01:55:26','2017-07-23 01:55:26'),
	(59,1,2,2,2,'2017-06-29 23:07:00',0,1,'2017-07-23 01:57:38','2017-07-23 01:57:38'),
	(60,1,2,2,2,'2017-06-30 00:08:00',1,1,'2017-07-23 01:57:56','2017-07-23 01:57:56'),
	(61,2,1,2,2,'2017-07-17 06:01:00',0,1,'2017-07-24 05:47:40','2017-07-24 05:47:40'),
	(62,2,1,2,2,'2017-07-20 00:00:00',1,1,'2017-07-24 05:53:23','2017-07-24 05:53:23'),
	(63,2,1,2,2,'2017-07-20 00:01:00',0,1,'2017-07-24 05:54:43','2017-07-24 05:54:43'),
	(64,2,1,2,2,'2017-07-22 21:00:00',1,1,'2017-07-24 05:57:07','2017-07-24 05:57:07'),
	(65,2,1,2,2,'2017-07-22 21:01:00',0,1,'2017-07-24 05:57:38','2017-07-24 05:57:38'),
	(66,2,1,2,2,'2017-07-26 15:20:00',1,1,'2017-07-26 19:31:17','2017-07-26 19:31:17'),
	(67,2,1,2,2,'2017-07-26 15:21:00',0,1,'2017-07-26 20:40:25','2017-07-26 20:40:25'),
	(68,1,2,2,2,'2017-06-30 00:10:00',0,1,'2017-08-04 14:12:08','2017-08-04 14:12:08'),
	(69,1,2,2,2,'2017-07-28 00:00:00',1,1,'2017-08-04 14:21:49','2017-08-04 14:21:49'),
	(70,1,2,2,2,'2017-07-28 01:00:00',0,1,'2017-08-04 14:22:22','2017-08-04 14:22:22'),
	(71,1,2,2,2,'2017-08-04 00:00:00',1,1,'2017-08-04 18:45:11','2017-08-04 18:45:11'),
	(72,1,2,2,2,'2017-08-04 00:01:00',0,1,'2017-08-04 18:45:28','2017-08-04 18:45:28'),
	(73,2,1,2,2,'2017-07-30 00:00:00',1,1,'2017-08-07 15:09:19','2017-08-07 15:09:19'),
	(74,2,1,2,2,'2017-07-30 00:01:00',0,1,'2017-08-07 15:09:34','2017-08-07 15:09:34'),
	(75,2,1,2,2,'2017-08-04 07:50:00',1,1,'2017-08-07 18:05:39','2017-08-07 18:05:39'),
	(76,2,1,2,2,'2017-08-04 07:51:00',0,1,'2017-08-07 18:06:04','2017-08-07 18:06:04'),
	(77,2,1,2,2,'2017-08-10 08:00:00',1,1,'2017-08-14 11:09:21','2017-08-14 11:09:21'),
	(78,2,1,2,2,'2017-08-10 08:01:00',0,1,'2017-08-14 11:13:19','2017-08-14 11:13:19'),
	(79,1,2,2,2,'2017-08-07 00:30:00',1,1,'2017-08-14 11:15:18','2017-08-14 11:15:18'),
	(80,1,2,2,2,'2017-08-07 00:31:00',0,1,'2017-08-14 11:15:35','2017-08-14 11:15:35'),
	(81,2,1,2,2,'2017-08-12 08:00:00',1,1,'2017-08-14 11:17:01','2017-08-14 11:17:01'),
	(82,2,1,2,2,'2017-08-12 08:01:00',0,1,'2017-08-14 11:17:23','2017-08-14 11:17:23'),
	(83,2,1,2,2,'2017-08-12 08:02:00',1,1,'2017-08-14 11:19:49','2017-08-14 11:19:49'),
	(84,2,1,2,2,'2017-08-12 08:03:00',0,1,'2017-08-14 11:22:05','2017-08-14 11:22:05'),
	(85,1,2,2,2,'2017-08-07 00:32:00',1,1,'2017-08-14 17:16:12','2017-08-14 17:16:12'),
	(86,1,2,2,2,'2017-08-07 00:33:00',0,1,'2017-08-14 17:26:18','2017-08-14 17:26:18'),
	(87,1,2,2,2,'2017-08-13 12:00:00',1,1,'2017-08-14 20:20:59','2017-08-14 20:20:59'),
	(88,1,2,2,2,'2017-08-13 12:01:00',0,1,'2017-08-14 20:21:19','2017-08-14 20:21:19'),
	(89,1,2,2,2,'2017-08-22 14:19:00',1,1,'2017-09-04 08:38:18','2017-09-04 08:38:18'),
	(90,1,2,2,2,'2017-08-22 14:20:00',0,1,'2017-09-04 08:40:12','2017-09-04 08:40:12'),
	(91,1,2,2,2,'2017-08-22 15:16:00',1,1,'2017-09-04 08:43:14','2017-09-04 08:43:14'),
	(92,1,2,2,2,'2017-08-22 15:18:00',0,1,'2017-09-04 08:44:49','2017-09-04 08:44:49'),
	(93,1,2,2,2,'2017-08-22 15:19:00',1,1,'2017-09-04 09:30:53','2017-09-04 09:30:53'),
	(94,1,2,2,2,'2017-08-22 15:20:00',0,1,'2017-09-04 09:57:48','2017-09-04 09:57:48'),
	(95,1,2,2,2,'2017-08-26 00:00:00',1,1,'2017-09-08 11:52:37','2017-09-08 11:52:37'),
	(96,1,2,2,2,'2017-08-26 00:01:00',0,1,'2017-09-08 11:58:06','2017-09-08 11:58:06'),
	(97,1,2,2,2,'2017-08-29 00:00:00',1,1,'2017-09-08 12:05:36','2017-09-08 12:05:36'),
	(98,1,2,2,2,'2017-08-29 00:01:00',0,1,'2017-09-08 12:09:22','2017-09-08 12:09:22'),
	(99,1,2,2,2,'2017-09-02 16:45:00',1,1,'2017-09-14 10:46:56','2017-09-14 10:46:56'),
	(100,1,2,2,2,'2017-09-02 16:46:00',0,1,'2017-09-14 13:32:28','2017-09-14 13:32:28'),
	(101,1,2,2,2,'2017-10-01 23:52:00',1,1,'2017-11-22 10:55:09','2017-11-22 10:55:09'),
	(102,1,2,2,2,'2017-10-02 00:00:00',0,1,'2017-11-22 10:56:24','2017-11-22 10:56:24'),
	(103,1,2,2,2,'2017-10-16 00:00:00',1,1,'2017-11-22 10:57:46','2017-11-22 10:57:46'),
	(104,1,2,2,2,'2017-10-16 00:01:00',0,1,'2017-11-22 10:58:14','2017-11-22 10:58:14'),
	(105,1,2,2,2,'2017-10-18 14:00:00',1,1,'2017-11-22 11:02:24','2017-11-22 11:02:24'),
	(106,1,2,2,2,'2017-10-18 14:01:00',0,1,'2017-11-22 11:04:57','2017-11-22 11:04:57'),
	(107,1,2,2,2,'2017-10-22 00:00:00',1,1,'2017-11-22 11:05:22','2017-11-22 11:05:22'),
	(108,1,2,2,2,'2017-10-22 00:01:00',0,1,'2017-11-22 11:05:36','2017-11-22 11:05:36'),
	(109,1,2,2,2,'2017-10-25 00:00:00',1,1,'2017-11-22 11:06:01','2017-11-22 11:06:01'),
	(110,1,2,2,2,'2017-10-25 00:01:00',0,1,'2017-11-22 11:06:21','2017-11-22 11:06:21'),
	(111,1,2,2,2,'2017-10-25 00:02:00',1,1,'2017-11-24 09:26:34','2017-11-24 09:26:34'),
	(112,1,2,2,2,'2017-10-25 00:03:00',0,1,'2017-11-24 09:26:52','2017-11-24 09:26:52');

/*!40000 ALTER TABLE `intervencion` ENABLE KEYS */;
UNLOCK TABLES;


# Volcado de tabla localidad
# ------------------------------------------------------------

DROP TABLE IF EXISTS `localidad`;

CREATE TABLE `localidad` (
  `id` int(11) NOT NULL AUTO_INCREMENT,
  `provincia_id` int(11) NOT NULL,
  `descripcion` varchar(255) COLLATE utf8_unicode_ci NOT NULL,
  `codigo` int(11) DEFAULT NULL,
  `codigo_postal` varchar(25) COLLATE utf8_unicode_ci DEFAULT NULL,
  PRIMARY KEY (`id`),
  KEY `IDX_4F68E0104E7121AF` (`provincia_id`),
  CONSTRAINT `FK_4F68E0104E7121AF` FOREIGN KEY (`provincia_id`) REFERENCES `provincia` (`id`)
) ENGINE=InnoDB DEFAULT CHARSET=utf8 COLLATE=utf8_unicode_ci;

LOCK TABLES `localidad` WRITE;
/*!40000 ALTER TABLE `localidad` DISABLE KEYS */;

INSERT INTO `localidad` (`id`, `provincia_id`, `descripcion`, `codigo`, `codigo_postal`)
VALUES
	(1,1,'25 de Mayo',NULL,''),
	(2,1,'3 de febrero',NULL,NULL),
	(3,1,'A. Alsina',NULL,NULL),
	(4,1,'A. Gonzáles Cháves',NULL,NULL),
	(5,1,'Aguas Verdes',NULL,NULL),
	(6,1,'Alberti',NULL,NULL),
	(7,1,'Arrecifes',NULL,NULL),
	(8,1,'Ayacucho',NULL,NULL),
	(9,1,'Azul',NULL,NULL),
	(10,1,'Bahía Blanca',NULL,NULL),
	(11,1,'Balcarce',NULL,NULL),
	(12,1,'Baradero',NULL,NULL),
	(13,1,'Benito Juárez',NULL,NULL),
	(14,1,'Berisso',NULL,NULL),
	(15,1,'Bolívar',NULL,NULL),
	(16,1,'Bragado',NULL,NULL),
	(17,1,'Brandsen',NULL,NULL),
	(18,1,'Campana',NULL,NULL),
	(19,1,'Cañuelas',NULL,NULL),
	(20,1,'Capilla del Señor',NULL,NULL),
	(21,1,'Capitán Sarmiento',NULL,NULL),
	(22,1,'Carapachay',NULL,NULL),
	(23,1,'Carhue',NULL,NULL),
	(24,1,'Cariló',NULL,NULL),
	(25,1,'Carlos Casares',NULL,NULL),
	(26,1,'Carlos Tejedor',NULL,NULL),
	(27,1,'Carmen de Areco',NULL,NULL),
	(28,1,'Carmen de Patagones',NULL,NULL),
	(29,1,'Castelli',NULL,NULL),
	(30,1,'Chacabuco',NULL,NULL),
	(31,1,'Chascomús',NULL,NULL),
	(32,1,'Chivilcoy',NULL,NULL),
	(33,1,'Colón',NULL,NULL),
	(34,1,'Coronel Dorrego',NULL,NULL),
	(35,1,'Coronel Pringles',NULL,NULL),
	(36,1,'Coronel Rosales',NULL,NULL),
	(37,1,'Coronel Suarez',NULL,NULL),
	(38,1,'Costa Azul',NULL,NULL),
	(39,1,'Costa Chica',NULL,NULL),
	(40,1,'Costa del Este',NULL,NULL),
	(41,1,'Costa Esmeralda',NULL,NULL),
	(42,1,'Daireaux',NULL,NULL),
	(43,1,'Darregueira',NULL,NULL),
	(44,1,'Del Viso',NULL,NULL),
	(45,1,'Dolores',NULL,NULL),
	(46,1,'Don Torcuato',NULL,NULL),
	(47,1,'Ensenada',NULL,NULL),
	(48,1,'Escobar',NULL,NULL),
	(49,1,'Exaltación de la Cruz',NULL,NULL),
	(50,1,'Florentino Ameghino',NULL,NULL),
	(51,1,'Garín',NULL,NULL),
	(52,1,'Gral. Alvarado',NULL,NULL),
	(53,1,'Gral. Alvear',NULL,NULL),
	(54,1,'Gral. Arenales',NULL,NULL),
	(55,1,'Gral. Belgrano',NULL,NULL),
	(56,1,'Gral. Guido',NULL,NULL),
	(57,1,'Gral. Lamadrid',NULL,NULL),
	(58,1,'Gral. Las Heras',NULL,NULL),
	(59,1,'Gral. Lavalle',NULL,NULL),
	(60,1,'Gral. Madariaga',NULL,NULL),
	(61,1,'Gral. Pacheco',NULL,NULL),
	(62,1,'Gral. Paz',NULL,NULL),
	(63,1,'Gral. Pinto',NULL,NULL),
	(64,1,'Gral. Pueyrredón',NULL,NULL),
	(65,1,'Gral. Rodríguez',NULL,NULL),
	(66,1,'Gral. Viamonte',NULL,NULL),
	(67,1,'Gral. Villegas',NULL,NULL),
	(68,1,'Guaminí',NULL,NULL),
	(69,1,'Guernica',NULL,NULL),
	(70,1,'Hipólito Yrigoyen',NULL,NULL),
	(71,1,'Ing. Maschwitz',NULL,NULL),
	(72,1,'Junín',NULL,NULL),
	(73,1,'La Plata',NULL,NULL),
	(74,1,'Laprida',NULL,NULL),
	(75,1,'Las Flores',NULL,NULL),
	(76,1,'Las Toninas',NULL,NULL),
	(77,1,'Leandro N. Alem',NULL,NULL),
	(78,1,'Lincoln',NULL,NULL),
	(79,1,'Loberia',NULL,NULL),
	(80,1,'Lobos',NULL,NULL),
	(81,1,'Los Cardales',NULL,NULL),
	(82,1,'Los Toldos',NULL,NULL),
	(83,1,'Lucila del Mar',NULL,NULL),
	(84,1,'Luján',NULL,NULL),
	(85,1,'Magdalena',NULL,NULL),
	(86,1,'Maipú',NULL,NULL),
	(87,1,'Mar Chiquita',NULL,NULL),
	(88,1,'Mar de Ajó',NULL,NULL),
	(89,1,'Mar de las Pampas',NULL,NULL),
	(90,1,'Mar del Plata',NULL,NULL),
	(91,1,'Mar del Tuyú',NULL,NULL),
	(92,1,'Marcos Paz',NULL,NULL),
	(93,1,'Mercedes',NULL,NULL),
	(94,1,'Miramar',NULL,NULL),
	(95,1,'Monte',NULL,NULL),
	(96,1,'Monte Hermoso',NULL,NULL),
	(97,1,'Munro',NULL,NULL),
	(98,1,'Navarro',NULL,NULL),
	(99,1,'Necochea',NULL,NULL),
	(100,1,'Olavarría',NULL,NULL),
	(101,1,'Partido de la Costa',NULL,NULL),
	(102,1,'Pehuajó',NULL,NULL),
	(103,1,'Pellegrini',NULL,NULL),
	(104,1,'Pergamino',NULL,NULL),
	(105,1,'Pigüé',NULL,NULL),
	(106,1,'Pila',NULL,NULL),
	(107,1,'Pilar',NULL,NULL),
	(108,1,'Pinamar',NULL,NULL),
	(109,1,'Pinar del Sol',NULL,NULL),
	(110,1,'Polvorines',NULL,NULL),
	(111,1,'Pte. Perón',NULL,NULL),
	(112,1,'Puán',NULL,NULL),
	(113,1,'Punta Indio',NULL,NULL),
	(114,1,'Ramallo',NULL,NULL),
	(115,1,'Rauch',NULL,NULL),
	(116,1,'Rivadavia',NULL,NULL),
	(117,1,'Rojas',NULL,NULL),
	(118,1,'Roque Pérez',NULL,NULL),
	(119,1,'Saavedra',NULL,NULL),
	(120,1,'Saladillo',NULL,NULL),
	(121,1,'Salliqueló',NULL,NULL),
	(122,1,'Salto',NULL,NULL),
	(123,1,'San Andrés de Giles',NULL,NULL),
	(124,1,'San Antonio de Areco',NULL,NULL),
	(125,1,'San Antonio de Padua',NULL,NULL),
	(126,1,'San Bernardo',NULL,NULL),
	(127,1,'San Cayetano',NULL,NULL),
	(128,1,'San Clemente del Tuyú',NULL,NULL),
	(129,1,'San Nicolás',NULL,NULL),
	(130,1,'San Pedro',NULL,NULL),
	(131,1,'San Vicente',NULL,NULL),
	(132,1,'Santa Teresita',NULL,NULL),
	(133,1,'Suipacha',NULL,NULL),
	(134,1,'Tandil',NULL,NULL),
	(135,1,'Tapalqué',NULL,NULL),
	(136,1,'Tordillo',NULL,NULL),
	(137,1,'Tornquist',NULL,NULL),
	(138,1,'Trenque Lauquen',NULL,NULL),
	(139,1,'Tres Lomas',NULL,NULL),
	(140,1,'Villa Gesell',NULL,NULL),
	(141,1,'Villarino',NULL,NULL),
	(142,1,'Zárate',NULL,NULL),
	(143,2,'11 de Septiembre',NULL,NULL),
	(144,2,'20 de Junio',NULL,NULL),
	(145,2,'25 de Mayo',NULL,NULL),
	(146,2,'Acassuso',NULL,NULL),
	(147,2,'Adrogué',NULL,NULL),
	(148,2,'Aldo Bonzi',NULL,NULL),
	(149,2,'Área Reserva Cinturón Ecológico',NULL,NULL),
	(150,2,'Avellaneda',NULL,NULL),
	(151,2,'Banfield',NULL,NULL),
	(152,2,'Barrio Parque',NULL,NULL),
	(153,2,'Barrio Santa Teresita',NULL,NULL),
	(154,2,'Beccar',NULL,NULL),
	(155,2,'Bella Vista',NULL,NULL),
	(156,2,'Berazategui',NULL,NULL),
	(157,2,'Bernal Este',NULL,NULL),
	(158,2,'Bernal Oeste',NULL,NULL),
	(159,2,'Billinghurst',NULL,NULL),
	(160,2,'Boulogne',NULL,NULL),
	(161,2,'Burzaco',NULL,NULL),
	(162,2,'Carapachay',NULL,NULL),
	(163,2,'Caseros',NULL,NULL),
	(164,2,'Castelar',NULL,NULL),
	(165,2,'Churruca',NULL,NULL),
	(166,2,'Ciudad Evita',NULL,NULL),
	(167,2,'Ciudad Madero',NULL,NULL),
	(168,2,'Ciudadela',NULL,NULL),
	(169,2,'Claypole',NULL,NULL),
	(170,2,'Crucecita',NULL,NULL),
	(171,2,'Dock Sud',NULL,NULL),
	(172,2,'Don Bosco',NULL,NULL),
	(173,2,'Don Orione',NULL,NULL),
	(174,2,'El Jagüel',NULL,NULL),
	(175,2,'El Libertador',NULL,NULL),
	(176,2,'El Palomar',NULL,NULL),
	(177,2,'El Tala',NULL,NULL),
	(178,2,'El Trébol',NULL,NULL),
	(179,2,'Ezeiza',NULL,NULL),
	(180,2,'Ezpeleta',NULL,NULL),
	(181,2,'Florencio Varela',NULL,NULL),
	(182,2,'Florida',NULL,NULL),
	(183,2,'Francisco Álvarez',NULL,NULL),
	(184,2,'Gerli',NULL,NULL),
	(185,2,'Glew',NULL,NULL),
	(186,2,'González Catán',NULL,NULL),
	(187,2,'Gral. Lamadrid',NULL,NULL),
	(188,2,'Grand Bourg',NULL,NULL),
	(189,2,'Gregorio de Laferrere',NULL,NULL),
	(190,2,'Guillermo Enrique Hudson',NULL,NULL),
	(191,2,'Haedo',NULL,NULL),
	(192,2,'Hurlingham',NULL,NULL),
	(193,2,'Ing. Sourdeaux',NULL,NULL),
	(194,2,'Isidro Casanova',NULL,NULL),
	(195,2,'Ituzaingó',NULL,NULL),
	(196,2,'José C. Paz',NULL,NULL),
	(197,2,'José Ingenieros',NULL,NULL),
	(198,2,'José Marmol',NULL,NULL),
	(199,2,'La Lucila',NULL,NULL),
	(200,2,'La Reja',NULL,NULL),
	(201,2,'La Tablada',NULL,NULL),
	(202,2,'Lanús',NULL,NULL),
	(203,2,'Llavallol',NULL,NULL),
	(204,2,'Loma Hermosa',NULL,NULL),
	(205,2,'Lomas de Zamora',NULL,NULL),
	(206,2,'Lomas del Millón',NULL,NULL),
	(207,2,'Lomas del Mirador',NULL,NULL),
	(208,2,'Longchamps',NULL,NULL),
	(209,2,'Los Polvorines',NULL,NULL),
	(210,2,'Luis Guillón',NULL,NULL),
	(211,2,'Malvinas Argentinas',NULL,NULL),
	(212,2,'Martín Coronado',NULL,NULL),
	(213,2,'Martínez',NULL,NULL),
	(214,2,'Merlo',NULL,NULL),
	(215,2,'Ministro Rivadavia',NULL,NULL),
	(216,2,'Monte Chingolo',NULL,NULL),
	(217,2,'Monte Grande',NULL,NULL),
	(218,2,'Moreno',NULL,NULL),
	(219,2,'Morón',NULL,NULL),
	(220,2,'Muñiz',NULL,NULL),
	(221,2,'Olivos',NULL,NULL),
	(222,2,'Pablo Nogués',NULL,NULL),
	(223,2,'Pablo Podestá',NULL,NULL),
	(224,2,'Paso del Rey',NULL,NULL),
	(225,2,'Pereyra',NULL,NULL),
	(226,2,'Piñeiro',NULL,NULL),
	(227,2,'Plátanos',NULL,NULL),
	(228,2,'Pontevedra',NULL,NULL),
	(229,2,'Quilmes',NULL,NULL),
	(230,2,'Rafael Calzada',NULL,NULL),
	(231,2,'Rafael Castillo',NULL,NULL),
	(232,2,'Ramos Mejía',NULL,NULL),
	(233,2,'Ranelagh',NULL,NULL),
	(234,2,'Remedios de Escalada',NULL,NULL),
	(235,2,'Sáenz Peña',NULL,NULL),
	(236,2,'San Antonio de Padua',NULL,NULL),
	(237,2,'San Fernando',NULL,NULL),
	(238,2,'San Francisco Solano',NULL,NULL),
	(239,2,'San Isidro',NULL,NULL),
	(240,2,'San José',NULL,NULL),
	(241,2,'San Justo',NULL,NULL),
	(242,2,'San Martín',NULL,NULL),
	(243,2,'San Miguel',NULL,NULL),
	(244,2,'Santos Lugares',NULL,NULL),
	(245,2,'Sarandí',NULL,NULL),
	(246,2,'Sourigues',NULL,NULL),
	(247,2,'Tapiales',NULL,NULL),
	(248,2,'Temperley',NULL,NULL),
	(249,2,'Tigre',NULL,NULL),
	(250,2,'Tortuguitas',NULL,NULL),
	(251,2,'Tristán Suárez',NULL,NULL),
	(252,2,'Trujui',NULL,NULL),
	(253,2,'Turdera',NULL,NULL),
	(254,2,'Valentín Alsina',NULL,NULL),
	(255,2,'Vicente López',NULL,NULL),
	(256,2,'Villa Adelina',NULL,NULL),
	(257,2,'Villa Ballester',NULL,NULL),
	(258,2,'Villa Bosch',NULL,NULL),
	(259,2,'Villa Caraza',NULL,NULL),
	(260,2,'Villa Celina',NULL,NULL),
	(261,2,'Villa Centenario',NULL,NULL),
	(262,2,'Villa de Mayo',NULL,NULL),
	(263,2,'Villa Diamante',NULL,NULL),
	(264,2,'Villa Domínico',NULL,NULL),
	(265,2,'Villa España',NULL,NULL),
	(266,2,'Villa Fiorito',NULL,NULL),
	(267,2,'Villa Guillermina',NULL,NULL),
	(268,2,'Villa Insuperable',NULL,NULL),
	(269,2,'Villa José León Suárez',NULL,NULL),
	(270,2,'Villa La Florida',NULL,NULL),
	(271,2,'Villa Luzuriaga',NULL,NULL),
	(272,2,'Villa Martelli',NULL,NULL),
	(273,2,'Villa Obrera',NULL,NULL),
	(274,2,'Villa Progreso',NULL,NULL),
	(275,2,'Villa Raffo',NULL,NULL),
	(276,2,'Villa Sarmiento',NULL,NULL),
	(277,2,'Villa Tesei',NULL,NULL),
	(278,2,'Villa Udaondo',NULL,NULL),
	(279,2,'Virrey del Pino',NULL,NULL),
	(280,2,'Wilde',NULL,NULL),
	(281,2,'William Morris',NULL,NULL),
	(282,3,'Agronomía',NULL,NULL),
	(283,3,'Almagro',NULL,NULL),
	(284,3,'Balvanera',NULL,NULL),
	(285,3,'Barracas',NULL,NULL),
	(286,3,'Belgrano',NULL,NULL),
	(287,3,'Boca',NULL,NULL),
	(288,3,'Boedo',NULL,NULL),
	(289,3,'Caballito',NULL,NULL),
	(290,3,'Chacarita',NULL,NULL),
	(291,3,'Coghlan',NULL,NULL),
	(292,3,'Colegiales',NULL,NULL),
	(293,3,'Constitución',NULL,NULL),
	(294,3,'Flores',NULL,NULL),
	(295,3,'Floresta',NULL,NULL),
	(296,3,'La Paternal',NULL,NULL),
	(297,3,'Liniers',NULL,NULL),
	(298,3,'Mataderos',NULL,NULL),
	(299,3,'Monserrat',NULL,NULL),
	(300,3,'Monte Castro',NULL,NULL),
	(301,3,'Nueva Pompeya',NULL,NULL),
	(302,3,'Núñez',NULL,NULL),
	(303,3,'Palermo',NULL,NULL),
	(304,3,'Parque Avellaneda',NULL,NULL),
	(305,3,'Parque Chacabuco',NULL,NULL),
	(306,3,'Parque Chas',NULL,NULL),
	(307,3,'Parque Patricios',NULL,NULL),
	(308,3,'Puerto Madero',NULL,NULL),
	(309,3,'Recoleta',NULL,NULL),
	(310,3,'Retiro',NULL,NULL),
	(311,3,'Saavedra',NULL,NULL),
	(312,3,'San Cristóbal',NULL,NULL),
	(313,3,'San Nicolás',NULL,NULL),
	(314,3,'San Telmo',NULL,NULL),
	(315,3,'Vélez Sársfield',NULL,NULL),
	(316,3,'Versalles',NULL,NULL),
	(317,3,'Villa Crespo',NULL,NULL),
	(318,3,'Villa del Parque',NULL,NULL),
	(319,3,'Villa Devoto',NULL,NULL),
	(320,3,'Villa Gral. Mitre',NULL,NULL),
	(321,3,'Villa Lugano',NULL,NULL),
	(322,3,'Villa Luro',NULL,NULL),
	(323,3,'Villa Ortúzar',NULL,NULL),
	(324,3,'Villa Pueyrredón',NULL,NULL),
	(325,3,'Villa Real',NULL,NULL),
	(326,3,'Villa Riachuelo',NULL,NULL),
	(327,3,'Villa Santa Rita',NULL,NULL),
	(328,3,'Villa Soldati',NULL,NULL),
	(329,3,'Villa Urquiza',NULL,NULL),
	(330,4,'Aconquija',NULL,NULL),
	(331,4,'Ancasti',NULL,NULL),
	(332,4,'Andalgalá',NULL,NULL),
	(333,4,'Antofagasta',NULL,NULL),
	(334,4,'Belén',NULL,NULL),
	(335,4,'Capayán',NULL,NULL),
	(336,4,'Capital',NULL,NULL),
	(337,4,'4',NULL,NULL),
	(338,4,'Corral Quemado',NULL,NULL),
	(339,4,'El Alto',NULL,NULL),
	(340,4,'El Rodeo',NULL,NULL),
	(341,4,'F.Mamerto Esquiú',NULL,NULL),
	(342,4,'Fiambalá',NULL,NULL),
	(343,4,'Hualfín',NULL,NULL),
	(344,4,'Huillapima',NULL,NULL),
	(345,4,'Icaño',NULL,NULL),
	(346,4,'La Puerta',NULL,NULL),
	(347,4,'Las Juntas',NULL,NULL),
	(348,4,'Londres',NULL,NULL),
	(349,4,'Los Altos',NULL,NULL),
	(350,4,'Los Varela',NULL,NULL),
	(351,4,'Mutquín',NULL,NULL),
	(352,4,'Paclín',NULL,NULL),
	(353,4,'Poman',NULL,NULL),
	(354,4,'Pozo de La Piedra',NULL,NULL),
	(355,4,'Puerta de Corral',NULL,NULL),
	(356,4,'Puerta San José',NULL,NULL),
	(357,4,'Recreo',NULL,NULL),
	(358,4,'S.F.V de 4',NULL,NULL),
	(359,4,'San Fernando',NULL,NULL),
	(360,4,'San Fernando del Valle',NULL,NULL),
	(361,4,'San José',NULL,NULL),
	(362,4,'Santa María',NULL,NULL),
	(363,4,'Santa Rosa',NULL,NULL),
	(364,4,'Saujil',NULL,NULL),
	(365,4,'Tapso',NULL,NULL),
	(366,4,'Tinogasta',NULL,NULL),
	(367,4,'Valle Viejo',NULL,NULL),
	(368,4,'Villa Vil',NULL,NULL),
	(369,5,'Aviá Teraí',NULL,NULL),
	(370,5,'Barranqueras',NULL,NULL),
	(371,5,'Basail',NULL,NULL),
	(372,5,'Campo Largo',NULL,NULL),
	(373,5,'Capital',NULL,NULL),
	(374,5,'Capitán Solari',NULL,NULL),
	(375,5,'Charadai',NULL,NULL),
	(376,5,'Charata',NULL,NULL),
	(377,5,'Chorotis',NULL,NULL),
	(378,5,'Ciervo Petiso',NULL,NULL),
	(379,5,'Cnel. Du Graty',NULL,NULL),
	(380,5,'Col. Benítez',NULL,NULL),
	(381,5,'Col. Elisa',NULL,NULL),
	(382,5,'Col. Popular',NULL,NULL),
	(383,5,'Colonias Unidas',NULL,NULL),
	(384,5,'Concepción',NULL,NULL),
	(385,5,'Corzuela',NULL,NULL),
	(386,5,'Cote Lai',NULL,NULL),
	(387,5,'El Sauzalito',NULL,NULL),
	(388,5,'Enrique Urien',NULL,NULL),
	(389,5,'Fontana',NULL,NULL),
	(390,5,'Fte. Esperanza',NULL,NULL),
	(391,5,'Gancedo',NULL,NULL),
	(392,5,'Gral. Capdevila',NULL,NULL),
	(393,5,'Gral. Pinero',NULL,NULL),
	(394,5,'Gral. San Martín',NULL,NULL),
	(395,5,'Gral. Vedia',NULL,NULL),
	(396,5,'Hermoso Campo',NULL,NULL),
	(397,5,'I. del Cerrito',NULL,NULL),
	(398,5,'J.J. Castelli',NULL,NULL),
	(399,5,'La Clotilde',NULL,NULL),
	(400,5,'La Eduvigis',NULL,NULL),
	(401,5,'La Escondida',NULL,NULL),
	(402,5,'La Leonesa',NULL,NULL),
	(403,5,'La Tigra',NULL,NULL),
	(404,5,'La Verde',NULL,NULL),
	(405,5,'Laguna Blanca',NULL,NULL),
	(406,5,'Laguna Limpia',NULL,NULL),
	(407,5,'Lapachito',NULL,NULL),
	(408,5,'Las Breñas',NULL,NULL),
	(409,5,'Las Garcitas',NULL,NULL),
	(410,5,'Las Palmas',NULL,NULL),
	(411,5,'Los Frentones',NULL,NULL),
	(412,5,'Machagai',NULL,NULL),
	(413,5,'Makallé',NULL,NULL),
	(414,5,'Margarita Belén',NULL,NULL),
	(415,5,'Miraflores',NULL,NULL),
	(416,5,'Misión N. Pompeya',NULL,NULL),
	(417,5,'Napenay',NULL,NULL),
	(418,5,'Pampa Almirón',NULL,NULL),
	(419,5,'Pampa del Indio',NULL,NULL),
	(420,5,'Pampa del Infierno',NULL,NULL),
	(421,5,'Pdcia. de La Plaza',NULL,NULL),
	(422,5,'Pdcia. Roca',NULL,NULL),
	(423,5,'Pdcia. Roque Sáenz Peña',NULL,NULL),
	(424,5,'Pto. Bermejo',NULL,NULL),
	(425,5,'Pto. Eva Perón',NULL,NULL),
	(426,5,'Puero Tirol',NULL,NULL),
	(427,5,'Puerto Vilelas',NULL,NULL),
	(428,5,'Quitilipi',NULL,NULL),
	(429,5,'Resistencia',NULL,NULL),
	(430,5,'Sáenz Peña',NULL,NULL),
	(431,5,'Samuhú',NULL,NULL),
	(432,5,'San Bernardo',NULL,NULL),
	(433,5,'Santa Sylvina',NULL,NULL),
	(434,5,'Taco Pozo',NULL,NULL),
	(435,5,'Tres Isletas',NULL,NULL),
	(436,5,'Villa Ángela',NULL,NULL),
	(437,5,'Villa Berthet',NULL,NULL),
	(438,5,'Villa R. Bermejito',NULL,NULL),
	(439,6,'Aldea Apeleg',NULL,NULL),
	(440,6,'Aldea Beleiro',NULL,NULL),
	(441,6,'Aldea Epulef',NULL,NULL),
	(442,6,'Alto Río Sengerr',NULL,NULL),
	(443,6,'Buen Pasto',NULL,NULL),
	(444,6,'Camarones',NULL,NULL),
	(445,6,'Carrenleufú',NULL,NULL),
	(446,6,'Cholila',NULL,NULL),
	(447,6,'Co. Centinela',NULL,NULL),
	(448,6,'Colan Conhué',NULL,NULL),
	(449,6,'Comodoro Rivadavia',NULL,NULL),
	(450,6,'Corcovado',NULL,NULL),
	(451,6,'Cushamen',NULL,NULL),
	(452,6,'Dique F. Ameghino',NULL,NULL),
	(453,6,'Dolavón',NULL,NULL),
	(454,6,'Dr. R. Rojas',NULL,NULL),
	(455,6,'El Hoyo',NULL,NULL),
	(456,6,'El Maitén',NULL,NULL),
	(457,6,'Epuyén',NULL,NULL),
	(458,6,'Esquel',NULL,NULL),
	(459,6,'Facundo',NULL,NULL),
	(460,6,'Gaimán',NULL,NULL),
	(461,6,'Gan Gan',NULL,NULL),
	(462,6,'Gastre',NULL,NULL),
	(463,6,'Gdor. Costa',NULL,NULL),
	(464,6,'Gualjaina',NULL,NULL),
	(465,6,'J. de San Martín',NULL,NULL),
	(466,6,'Lago Blanco',NULL,NULL),
	(467,6,'Lago Puelo',NULL,NULL),
	(468,6,'Lagunita Salada',NULL,NULL),
	(469,6,'Las Plumas',NULL,NULL),
	(470,6,'Los Altares',NULL,NULL),
	(471,6,'Paso de los Indios',NULL,NULL),
	(472,6,'Paso del Sapo',NULL,NULL),
	(473,6,'Pto. Madryn',NULL,NULL),
	(474,6,'Pto. Pirámides',NULL,NULL),
	(475,6,'Rada Tilly',NULL,NULL),
	(476,6,'Rawson',NULL,NULL),
	(477,6,'Río Mayo',NULL,NULL),
	(478,6,'Río Pico',NULL,NULL),
	(479,6,'Sarmiento',NULL,NULL),
	(480,6,'Tecka',NULL,NULL),
	(481,6,'Telsen',NULL,NULL),
	(482,6,'Trelew',NULL,NULL),
	(483,6,'Trevelin',NULL,NULL),
	(484,6,'Veintiocho de Julio',NULL,NULL),
	(485,7,'Achiras',NULL,NULL),
	(486,7,'Adelia Maria',NULL,NULL),
	(487,7,'Agua de Oro',NULL,NULL),
	(488,7,'Alcira Gigena',NULL,NULL),
	(489,7,'Aldea Santa Maria',NULL,NULL),
	(490,7,'Alejandro Roca',NULL,NULL),
	(491,7,'Alejo Ledesma',NULL,NULL),
	(492,7,'Alicia',NULL,NULL),
	(493,7,'Almafuerte',NULL,NULL),
	(494,7,'Alpa Corral',NULL,NULL),
	(495,7,'Alta Gracia',NULL,NULL),
	(496,7,'Alto Alegre',NULL,NULL),
	(497,7,'Alto de Los Quebrachos',NULL,NULL),
	(498,7,'Altos de Chipion',NULL,NULL),
	(499,7,'Amboy',NULL,NULL),
	(500,7,'Ambul',NULL,NULL),
	(501,7,'Ana Zumaran',NULL,NULL),
	(502,7,'Anisacate',NULL,NULL),
	(503,7,'Arguello',NULL,NULL),
	(504,7,'Arias',NULL,NULL),
	(505,7,'Arroyito',NULL,NULL),
	(506,7,'Arroyo Algodon',NULL,NULL),
	(507,7,'Arroyo Cabral',NULL,NULL),
	(508,7,'Arroyo Los Patos',NULL,NULL),
	(509,7,'Assunta',NULL,NULL),
	(510,7,'Atahona',NULL,NULL),
	(511,7,'Ausonia',NULL,NULL),
	(512,7,'Avellaneda',NULL,NULL),
	(513,7,'Ballesteros',NULL,NULL),
	(514,7,'Ballesteros Sud',NULL,NULL),
	(515,7,'Balnearia',NULL,NULL),
	(516,7,'Bañado de Soto',NULL,NULL),
	(517,7,'Bell Ville',NULL,NULL),
	(518,7,'Bengolea',NULL,NULL),
	(519,7,'Benjamin Gould',NULL,NULL),
	(520,7,'Berrotaran',NULL,NULL),
	(521,7,'Bialet Masse',NULL,NULL),
	(522,7,'Bouwer',NULL,NULL),
	(523,7,'Brinkmann',NULL,NULL),
	(524,7,'Buchardo',NULL,NULL),
	(525,7,'Bulnes',NULL,NULL),
	(526,7,'Cabalango',NULL,NULL),
	(527,7,'Calamuchita',NULL,NULL),
	(528,7,'Calchin',NULL,NULL),
	(529,7,'Calchin Oeste',NULL,NULL),
	(530,7,'Calmayo',NULL,NULL),
	(531,7,'Camilo Aldao',NULL,NULL),
	(532,7,'Caminiaga',NULL,NULL),
	(533,7,'Cañada de Luque',NULL,NULL),
	(534,7,'Cañada de Machado',NULL,NULL),
	(535,7,'Cañada de Rio Pinto',NULL,NULL),
	(536,7,'Cañada del Sauce',NULL,NULL),
	(537,7,'Canals',NULL,NULL),
	(538,7,'Candelaria Sud',NULL,NULL),
	(539,7,'Capilla de Remedios',NULL,NULL),
	(540,7,'Capilla de Siton',NULL,NULL),
	(541,7,'Capilla del Carmen',NULL,NULL),
	(542,7,'Capilla del Monte',NULL,NULL),
	(543,7,'Capital',NULL,NULL),
	(544,7,'Capitan Gral B. O´Higgins',NULL,NULL),
	(545,7,'Carnerillo',NULL,NULL),
	(546,7,'Carrilobo',NULL,NULL),
	(547,7,'Casa Grande',NULL,NULL),
	(548,7,'Cavanagh',NULL,NULL),
	(549,7,'Cerro Colorado',NULL,NULL),
	(550,7,'Chaján',NULL,NULL),
	(551,7,'Chalacea',NULL,NULL),
	(552,7,'Chañar Viejo',NULL,NULL),
	(553,7,'Chancaní',NULL,NULL),
	(554,7,'Charbonier',NULL,NULL),
	(555,7,'Charras',NULL,NULL),
	(556,7,'Chazón',NULL,NULL),
	(557,7,'Chilibroste',NULL,NULL),
	(558,7,'Chucul',NULL,NULL),
	(559,7,'Chuña',NULL,NULL),
	(560,7,'Chuña Huasi',NULL,NULL),
	(561,7,'Churqui Cañada',NULL,NULL),
	(562,7,'Cienaga Del Coro',NULL,NULL),
	(563,7,'Cintra',NULL,NULL),
	(564,7,'Col. Almada',NULL,NULL),
	(565,7,'Col. Anita',NULL,NULL),
	(566,7,'Col. Barge',NULL,NULL),
	(567,7,'Col. Bismark',NULL,NULL),
	(568,7,'Col. Bremen',NULL,NULL),
	(569,7,'Col. Caroya',NULL,NULL),
	(570,7,'Col. Italiana',NULL,NULL),
	(571,7,'Col. Iturraspe',NULL,NULL),
	(572,7,'Col. Las Cuatro Esquinas',NULL,NULL),
	(573,7,'Col. Las Pichanas',NULL,NULL),
	(574,7,'Col. Marina',NULL,NULL),
	(575,7,'Col. Prosperidad',NULL,NULL),
	(576,7,'Col. San Bartolome',NULL,NULL),
	(577,7,'Col. San Pedro',NULL,NULL),
	(578,7,'Col. Tirolesa',NULL,NULL),
	(579,7,'Col. Vicente Aguero',NULL,NULL),
	(580,7,'Col. Videla',NULL,NULL),
	(581,7,'Col. Vignaud',NULL,NULL),
	(582,7,'Col. Waltelina',NULL,NULL),
	(583,7,'Colazo',NULL,NULL),
	(584,7,'Comechingones',NULL,NULL),
	(585,7,'Conlara',NULL,NULL),
	(586,7,'Copacabana',NULL,NULL),
	(587,7,'7',NULL,NULL),
	(588,7,'Coronel Baigorria',NULL,NULL),
	(589,7,'Coronel Moldes',NULL,NULL),
	(590,7,'Corral de Bustos',NULL,NULL),
	(591,7,'Corralito',NULL,NULL),
	(592,7,'Cosquín',NULL,NULL),
	(593,7,'Costa Sacate',NULL,NULL),
	(594,7,'Cruz Alta',NULL,NULL),
	(595,7,'Cruz de Caña',NULL,NULL),
	(596,7,'Cruz del Eje',NULL,NULL),
	(597,7,'Cuesta Blanca',NULL,NULL),
	(598,7,'Dean Funes',NULL,NULL),
	(599,7,'Del Campillo',NULL,NULL),
	(600,7,'Despeñaderos',NULL,NULL),
	(601,7,'Devoto',NULL,NULL),
	(602,7,'Diego de Rojas',NULL,NULL),
	(603,7,'Dique Chico',NULL,NULL),
	(604,7,'El Arañado',NULL,NULL),
	(605,7,'El Brete',NULL,NULL),
	(606,7,'El Chacho',NULL,NULL),
	(607,7,'El Crispín',NULL,NULL),
	(608,7,'El Fortín',NULL,NULL),
	(609,7,'El Manzano',NULL,NULL),
	(610,7,'El Rastreador',NULL,NULL),
	(611,7,'El Rodeo',NULL,NULL),
	(612,7,'El Tío',NULL,NULL),
	(613,7,'Elena',NULL,NULL),
	(614,7,'Embalse',NULL,NULL),
	(615,7,'Esquina',NULL,NULL),
	(616,7,'Estación Gral. Paz',NULL,NULL),
	(617,7,'Estación Juárez Celman',NULL,NULL),
	(618,7,'Estancia de Guadalupe',NULL,NULL),
	(619,7,'Estancia Vieja',NULL,NULL),
	(620,7,'Etruria',NULL,NULL),
	(621,7,'Eufrasio Loza',NULL,NULL),
	(622,7,'Falda del Carmen',NULL,NULL),
	(623,7,'Freyre',NULL,NULL),
	(624,7,'Gral. Baldissera',NULL,NULL),
	(625,7,'Gral. Cabrera',NULL,NULL),
	(626,7,'Gral. Deheza',NULL,NULL),
	(627,7,'Gral. Fotheringham',NULL,NULL),
	(628,7,'Gral. Levalle',NULL,NULL),
	(629,7,'Gral. Roca',NULL,NULL),
	(630,7,'Guanaco Muerto',NULL,NULL),
	(631,7,'Guasapampa',NULL,NULL),
	(632,7,'Guatimozin',NULL,NULL),
	(633,7,'Gutenberg',NULL,NULL),
	(634,7,'Hernando',NULL,NULL),
	(635,7,'Huanchillas',NULL,NULL),
	(636,7,'Huerta Grande',NULL,NULL),
	(637,7,'Huinca Renanco',NULL,NULL),
	(638,7,'Idiazabal',NULL,NULL),
	(639,7,'Impira',NULL,NULL),
	(640,7,'Inriville',NULL,NULL),
	(641,7,'Isla Verde',NULL,NULL),
	(642,7,'Italó',NULL,NULL),
	(643,7,'James Craik',NULL,NULL),
	(644,7,'Jesús María',NULL,NULL),
	(645,7,'Jovita',NULL,NULL),
	(646,7,'Justiniano Posse',NULL,NULL),
	(647,7,'Km 658',NULL,NULL),
	(648,7,'L. V. Mansilla',NULL,NULL),
	(649,7,'La Batea',NULL,NULL),
	(650,7,'La Calera',NULL,NULL),
	(651,7,'La Carlota',NULL,NULL),
	(652,7,'La Carolina',NULL,NULL),
	(653,7,'La Cautiva',NULL,NULL),
	(654,7,'La Cesira',NULL,NULL),
	(655,7,'La Cruz',NULL,NULL),
	(656,7,'La Cumbre',NULL,NULL),
	(657,7,'La Cumbrecita',NULL,NULL),
	(658,7,'La Falda',NULL,NULL),
	(659,7,'La Francia',NULL,NULL),
	(660,7,'La Granja',NULL,NULL),
	(661,7,'La Higuera',NULL,NULL),
	(662,7,'La Laguna',NULL,NULL),
	(663,7,'La Paisanita',NULL,NULL),
	(664,7,'La Palestina',NULL,NULL),
	(665,7,'12',NULL,NULL),
	(666,7,'La Paquita',NULL,NULL),
	(667,7,'La Para',NULL,NULL),
	(668,7,'La Paz',NULL,NULL),
	(669,7,'La Playa',NULL,NULL),
	(670,7,'La Playosa',NULL,NULL),
	(671,7,'La Población',NULL,NULL),
	(672,7,'La Posta',NULL,NULL),
	(673,7,'La Puerta',NULL,NULL),
	(674,7,'La Quinta',NULL,NULL),
	(675,7,'La Rancherita',NULL,NULL),
	(676,7,'La Rinconada',NULL,NULL),
	(677,7,'La Serranita',NULL,NULL),
	(678,7,'La Tordilla',NULL,NULL),
	(679,7,'Laborde',NULL,NULL),
	(680,7,'Laboulaye',NULL,NULL),
	(681,7,'Laguna Larga',NULL,NULL),
	(682,7,'Las Acequias',NULL,NULL),
	(683,7,'Las Albahacas',NULL,NULL),
	(684,7,'Las Arrias',NULL,NULL),
	(685,7,'Las Bajadas',NULL,NULL),
	(686,7,'Las Caleras',NULL,NULL),
	(687,7,'Las Calles',NULL,NULL),
	(688,7,'Las Cañadas',NULL,NULL),
	(689,7,'Las Gramillas',NULL,NULL),
	(690,7,'Las Higueras',NULL,NULL),
	(691,7,'Las Isletillas',NULL,NULL),
	(692,7,'Las Junturas',NULL,NULL),
	(693,7,'Las Palmas',NULL,NULL),
	(694,7,'Las Peñas',NULL,NULL),
	(695,7,'Las Peñas Sud',NULL,NULL),
	(696,7,'Las Perdices',NULL,NULL),
	(697,7,'Las Playas',NULL,NULL),
	(698,7,'Las Rabonas',NULL,NULL),
	(699,7,'Las Saladas',NULL,NULL),
	(700,7,'Las Tapias',NULL,NULL),
	(701,7,'Las Varas',NULL,NULL),
	(702,7,'Las Varillas',NULL,NULL),
	(703,7,'Las Vertientes',NULL,NULL),
	(704,7,'Leguizamón',NULL,NULL),
	(705,7,'Leones',NULL,NULL),
	(706,7,'Los Cedros',NULL,NULL),
	(707,7,'Los Cerrillos',NULL,NULL),
	(708,7,'Los Chañaritos (C.E)',NULL,NULL),
	(709,7,'Los Chanaritos (R.S)',NULL,NULL),
	(710,7,'Los Cisnes',NULL,NULL),
	(711,7,'Los Cocos',NULL,NULL),
	(712,7,'Los Cóndores',NULL,NULL),
	(713,7,'Los Hornillos',NULL,NULL),
	(714,7,'Los Hoyos',NULL,NULL),
	(715,7,'Los Mistoles',NULL,NULL),
	(716,7,'Los Molinos',NULL,NULL),
	(717,7,'Los Pozos',NULL,NULL),
	(718,7,'Los Reartes',NULL,NULL),
	(719,7,'Los Surgentes',NULL,NULL),
	(720,7,'Los Talares',NULL,NULL),
	(721,7,'Los Zorros',NULL,NULL),
	(722,7,'Lozada',NULL,NULL),
	(723,7,'Luca',NULL,NULL),
	(724,7,'Luque',NULL,NULL),
	(725,7,'Luyaba',NULL,NULL),
	(726,7,'Malagueño',NULL,NULL),
	(727,7,'Malena',NULL,NULL),
	(728,7,'Malvinas Argentinas',NULL,NULL),
	(729,7,'Manfredi',NULL,NULL),
	(730,7,'Maquinista Gallini',NULL,NULL),
	(731,7,'Marcos Juárez',NULL,NULL),
	(732,7,'Marull',NULL,NULL),
	(733,7,'Matorrales',NULL,NULL),
	(734,7,'Mattaldi',NULL,NULL),
	(735,7,'Mayu Sumaj',NULL,NULL),
	(736,7,'Media Naranja',NULL,NULL),
	(737,7,'Melo',NULL,NULL),
	(738,7,'Mendiolaza',NULL,NULL),
	(739,7,'Mi Granja',NULL,NULL),
	(740,7,'Mina Clavero',NULL,NULL),
	(741,7,'Miramar',NULL,NULL),
	(742,7,'Morrison',NULL,NULL),
	(743,7,'Morteros',NULL,NULL),
	(744,7,'Mte. Buey',NULL,NULL),
	(745,7,'Mte. Cristo',NULL,NULL),
	(746,7,'Mte. De Los Gauchos',NULL,NULL),
	(747,7,'Mte. Leña',NULL,NULL),
	(748,7,'Mte. Maíz',NULL,NULL),
	(749,7,'Mte. Ralo',NULL,NULL),
	(750,7,'Nicolás Bruzone',NULL,NULL),
	(751,7,'Noetinger',NULL,NULL),
	(752,7,'Nono',NULL,NULL),
	(753,7,'Nueva 7',NULL,NULL),
	(754,7,'Obispo Trejo',NULL,NULL),
	(755,7,'Olaeta',NULL,NULL),
	(756,7,'Oliva',NULL,NULL),
	(757,7,'Olivares San Nicolás',NULL,NULL),
	(758,7,'Onagolty',NULL,NULL),
	(759,7,'Oncativo',NULL,NULL),
	(760,7,'Ordoñez',NULL,NULL),
	(761,7,'Pacheco De Melo',NULL,NULL),
	(762,7,'Pampayasta N.',NULL,NULL),
	(763,7,'Pampayasta S.',NULL,NULL),
	(764,7,'Panaholma',NULL,NULL),
	(765,7,'Pascanas',NULL,NULL),
	(766,7,'Pasco',NULL,NULL),
	(767,7,'Paso del Durazno',NULL,NULL),
	(768,7,'Paso Viejo',NULL,NULL),
	(769,7,'Pilar',NULL,NULL),
	(770,7,'Pincén',NULL,NULL),
	(771,7,'Piquillín',NULL,NULL),
	(772,7,'Plaza de Mercedes',NULL,NULL),
	(773,7,'Plaza Luxardo',NULL,NULL),
	(774,7,'Porteña',NULL,NULL),
	(775,7,'Potrero de Garay',NULL,NULL),
	(776,7,'Pozo del Molle',NULL,NULL),
	(777,7,'Pozo Nuevo',NULL,NULL),
	(778,7,'Pueblo Italiano',NULL,NULL),
	(779,7,'Puesto de Castro',NULL,NULL),
	(780,7,'Punta del Agua',NULL,NULL),
	(781,7,'Quebracho Herrado',NULL,NULL),
	(782,7,'Quilino',NULL,NULL),
	(783,7,'Rafael García',NULL,NULL),
	(784,7,'Ranqueles',NULL,NULL),
	(785,7,'Rayo Cortado',NULL,NULL),
	(786,7,'Reducción',NULL,NULL),
	(787,7,'Rincón',NULL,NULL),
	(788,7,'Río Bamba',NULL,NULL),
	(789,7,'Río Ceballos',NULL,NULL),
	(790,7,'Río Cuarto',NULL,NULL),
	(791,7,'Río de Los Sauces',NULL,NULL),
	(792,7,'Río Primero',NULL,NULL),
	(793,7,'Río Segundo',NULL,NULL),
	(794,7,'Río Tercero',NULL,NULL),
	(795,7,'Rosales',NULL,NULL),
	(796,7,'Rosario del Saladillo',NULL,NULL),
	(797,7,'Sacanta',NULL,NULL),
	(798,7,'Sagrada Familia',NULL,NULL),
	(799,7,'Saira',NULL,NULL),
	(800,7,'Saladillo',NULL,NULL),
	(801,7,'Saldán',NULL,NULL),
	(802,7,'Salsacate',NULL,NULL),
	(803,7,'Salsipuedes',NULL,NULL),
	(804,7,'Sampacho',NULL,NULL),
	(805,7,'San Agustín',NULL,NULL),
	(806,7,'San Antonio de Arredondo',NULL,NULL),
	(807,7,'San Antonio de Litín',NULL,NULL),
	(808,7,'San Basilio',NULL,NULL),
	(809,7,'San Carlos Minas',NULL,NULL),
	(810,7,'San Clemente',NULL,NULL),
	(811,7,'San Esteban',NULL,NULL),
	(812,7,'San Francisco',NULL,NULL),
	(813,7,'San Ignacio',NULL,NULL),
	(814,7,'San Javier',NULL,NULL),
	(815,7,'San Jerónimo',NULL,NULL),
	(816,7,'San Joaquín',NULL,NULL),
	(817,7,'San José de La Dormida',NULL,NULL),
	(818,7,'San José de Las Salinas',NULL,NULL),
	(819,7,'San Lorenzo',NULL,NULL),
	(820,7,'San Marcos Sierras',NULL,NULL),
	(821,7,'San Marcos Sud',NULL,NULL),
	(822,7,'San Pedro',NULL,NULL),
	(823,7,'San Pedro N.',NULL,NULL),
	(824,7,'San Roque',NULL,NULL),
	(825,7,'San Vicente',NULL,NULL),
	(826,7,'Santa Catalina',NULL,NULL),
	(827,7,'Santa Elena',NULL,NULL),
	(828,7,'Santa Eufemia',NULL,NULL),
	(829,7,'Santa Maria',NULL,NULL),
	(830,7,'Sarmiento',NULL,NULL),
	(831,7,'Saturnino M.Laspiur',NULL,NULL),
	(832,7,'Sauce Arriba',NULL,NULL),
	(833,7,'Sebastián Elcano',NULL,NULL),
	(834,7,'Seeber',NULL,NULL),
	(835,7,'Segunda Usina',NULL,NULL),
	(836,7,'Serrano',NULL,NULL),
	(837,7,'Serrezuela',NULL,NULL),
	(838,7,'Sgo. Temple',NULL,NULL),
	(839,7,'Silvio Pellico',NULL,NULL),
	(840,7,'Simbolar',NULL,NULL),
	(841,7,'Sinsacate',NULL,NULL),
	(842,7,'Sta. Rosa de Calamuchita',NULL,NULL),
	(843,7,'Sta. Rosa de Río Primero',NULL,NULL),
	(844,7,'Suco',NULL,NULL),
	(845,7,'Tala Cañada',NULL,NULL),
	(846,7,'Tala Huasi',NULL,NULL),
	(847,7,'Talaini',NULL,NULL),
	(848,7,'Tancacha',NULL,NULL),
	(849,7,'Tanti',NULL,NULL),
	(850,7,'Ticino',NULL,NULL),
	(851,7,'Tinoco',NULL,NULL),
	(852,7,'Tío Pujio',NULL,NULL),
	(853,7,'Toledo',NULL,NULL),
	(854,7,'Toro Pujio',NULL,NULL),
	(855,7,'Tosno',NULL,NULL),
	(856,7,'Tosquita',NULL,NULL),
	(857,7,'Tránsito',NULL,NULL),
	(858,7,'Tuclame',NULL,NULL),
	(859,7,'Tutti',NULL,NULL),
	(860,7,'Ucacha',NULL,NULL),
	(861,7,'Unquillo',NULL,NULL),
	(862,7,'Valle de Anisacate',NULL,NULL),
	(863,7,'Valle Hermoso',NULL,NULL),
	(864,7,'Vélez Sarfield',NULL,NULL),
	(865,7,'Viamonte',NULL,NULL),
	(866,7,'Vicuña Mackenna',NULL,NULL),
	(867,7,'Villa Allende',NULL,NULL),
	(868,7,'Villa Amancay',NULL,NULL),
	(869,7,'Villa Ascasubi',NULL,NULL),
	(870,7,'Villa Candelaria N.',NULL,NULL),
	(871,7,'Villa Carlos Paz',NULL,NULL),
	(872,7,'Villa Cerro Azul',NULL,NULL),
	(873,7,'Villa Ciudad de América',NULL,NULL),
	(874,7,'Villa Ciudad Pque Los Reartes',NULL,NULL),
	(875,7,'Villa Concepción del Tío',NULL,NULL),
	(876,7,'Villa Cura Brochero',NULL,NULL),
	(877,7,'Villa de Las Rosas',NULL,NULL),
	(878,7,'Villa de María',NULL,NULL),
	(879,7,'Villa de Pocho',NULL,NULL),
	(880,7,'Villa de Soto',NULL,NULL),
	(881,7,'Villa del Dique',NULL,NULL),
	(882,7,'Villa del Prado',NULL,NULL),
	(883,7,'Villa del Rosario',NULL,NULL),
	(884,7,'Villa del Totoral',NULL,NULL),
	(885,7,'Villa Dolores',NULL,NULL),
	(886,7,'Villa El Chancay',NULL,NULL),
	(887,7,'Villa Elisa',NULL,NULL),
	(888,7,'Villa Flor Serrana',NULL,NULL),
	(889,7,'Villa Fontana',NULL,NULL),
	(890,7,'Villa Giardino',NULL,NULL),
	(891,7,'Villa Gral. Belgrano',NULL,NULL),
	(892,7,'Villa Gutierrez',NULL,NULL),
	(893,7,'Villa Huidobro',NULL,NULL),
	(894,7,'Villa La Bolsa',NULL,NULL),
	(895,7,'Villa Los Aromos',NULL,NULL),
	(896,7,'Villa Los Patos',NULL,NULL),
	(897,7,'Villa María',NULL,NULL),
	(898,7,'Villa Nueva',NULL,NULL),
	(899,7,'Villa Pque. Santa Ana',NULL,NULL),
	(900,7,'Villa Pque. Siquiman',NULL,NULL),
	(901,7,'Villa Quillinzo',NULL,NULL),
	(902,7,'Villa Rossi',NULL,NULL),
	(903,7,'Villa Rumipal',NULL,NULL),
	(904,7,'Villa San Esteban',NULL,NULL),
	(905,7,'Villa San Isidro',NULL,NULL),
	(906,7,'Villa 21',NULL,NULL),
	(907,7,'Villa Sarmiento (G.R)',NULL,NULL),
	(908,7,'Villa Sarmiento (S.A)',NULL,NULL),
	(909,7,'Villa Tulumba',NULL,NULL),
	(910,7,'Villa Valeria',NULL,NULL),
	(911,7,'Villa Yacanto',NULL,NULL),
	(912,7,'Washington',NULL,NULL),
	(913,7,'Wenceslao Escalante',NULL,NULL),
	(914,7,'Ycho Cruz Sierras',NULL,NULL),
	(915,8,'Alvear',NULL,NULL),
	(916,8,'Bella Vista',NULL,NULL),
	(917,8,'Berón de Astrada',NULL,NULL),
	(918,8,'Bonpland',NULL,NULL),
	(919,8,'Caá Cati',NULL,NULL),
	(920,8,'Capital',NULL,NULL),
	(921,8,'Chavarría',NULL,NULL),
	(922,8,'Col. C. Pellegrini',NULL,NULL),
	(923,8,'Col. Libertad',NULL,NULL),
	(924,8,'Col. Liebig',NULL,NULL),
	(925,8,'Col. Sta Rosa',NULL,NULL),
	(926,8,'Concepción',NULL,NULL),
	(927,8,'Cruz de Los Milagros',NULL,NULL),
	(928,8,'Curuzú-Cuatiá',NULL,NULL),
	(929,8,'Empedrado',NULL,NULL),
	(930,8,'Esquina',NULL,NULL),
	(931,8,'Estación Torrent',NULL,NULL),
	(932,8,'Felipe Yofré',NULL,NULL),
	(933,8,'Garruchos',NULL,NULL),
	(934,8,'Gdor. Agrónomo',NULL,NULL),
	(935,8,'Gdor. Martínez',NULL,NULL),
	(936,8,'Goya',NULL,NULL),
	(937,8,'Guaviravi',NULL,NULL),
	(938,8,'Herlitzka',NULL,NULL),
	(939,8,'Ita-Ibate',NULL,NULL),
	(940,8,'Itatí',NULL,NULL),
	(941,8,'Ituzaingó',NULL,NULL),
	(942,8,'José Rafael Gómez',NULL,NULL),
	(943,8,'Juan Pujol',NULL,NULL),
	(944,8,'La Cruz',NULL,NULL),
	(945,8,'Lavalle',NULL,NULL),
	(946,8,'Lomas de Vallejos',NULL,NULL),
	(947,8,'Loreto',NULL,NULL),
	(948,8,'Mariano I. Loza',NULL,NULL),
	(949,8,'Mburucuyá',NULL,NULL),
	(950,8,'Mercedes',NULL,NULL),
	(951,8,'Mocoretá',NULL,NULL),
	(952,8,'Mte. Caseros',NULL,NULL),
	(953,8,'Nueve de Julio',NULL,NULL),
	(954,8,'Palmar Grande',NULL,NULL),
	(955,8,'Parada Pucheta',NULL,NULL),
	(956,8,'Paso de La Patria',NULL,NULL),
	(957,8,'Paso de Los Libres',NULL,NULL),
	(958,8,'Pedro R. Fernandez',NULL,NULL),
	(959,8,'Perugorría',NULL,NULL),
	(960,8,'Pueblo Libertador',NULL,NULL),
	(961,8,'Ramada Paso',NULL,NULL),
	(962,8,'Riachuelo',NULL,NULL),
	(963,8,'Saladas',NULL,NULL),
	(964,8,'San Antonio',NULL,NULL),
	(965,8,'San Carlos',NULL,NULL),
	(966,8,'San Cosme',NULL,NULL),
	(967,8,'San Lorenzo',NULL,NULL),
	(968,8,'20 del Palmar',NULL,NULL),
	(969,8,'San Miguel',NULL,NULL),
	(970,8,'San Roque',NULL,NULL),
	(971,8,'Santa Ana',NULL,NULL),
	(972,8,'Santa Lucía',NULL,NULL),
	(973,8,'Santo Tomé',NULL,NULL),
	(974,8,'Sauce',NULL,NULL),
	(975,8,'Tabay',NULL,NULL),
	(976,8,'Tapebicuá',NULL,NULL),
	(977,8,'Tatacua',NULL,NULL),
	(978,8,'Virasoro',NULL,NULL),
	(979,8,'Yapeyú',NULL,NULL),
	(980,8,'Yataití Calle',NULL,NULL),
	(981,9,'Alarcón',NULL,NULL),
	(982,9,'Alcaraz',NULL,NULL),
	(983,9,'Alcaraz N.',NULL,NULL),
	(984,9,'Alcaraz S.',NULL,NULL),
	(985,9,'Aldea Asunción',NULL,NULL),
	(986,9,'Aldea Brasilera',NULL,NULL),
	(987,9,'Aldea Elgenfeld',NULL,NULL),
	(988,9,'Aldea Grapschental',NULL,NULL),
	(989,9,'Aldea Ma. Luisa',NULL,NULL),
	(990,9,'Aldea Protestante',NULL,NULL),
	(991,9,'Aldea Salto',NULL,NULL),
	(992,9,'Aldea San Antonio (G)',NULL,NULL),
	(993,9,'Aldea San Antonio (P)',NULL,NULL),
	(994,9,'Aldea 19',NULL,NULL),
	(995,9,'Aldea San Miguel',NULL,NULL),
	(996,9,'Aldea San Rafael',NULL,NULL),
	(997,9,'Aldea Spatzenkutter',NULL,NULL),
	(998,9,'Aldea Sta. María',NULL,NULL),
	(999,9,'Aldea Sta. Rosa',NULL,NULL),
	(1000,9,'Aldea Valle María',NULL,NULL),
	(1001,9,'Altamirano Sur',NULL,NULL),
	(1002,9,'Antelo',NULL,NULL),
	(1003,9,'Antonio Tomás',NULL,NULL),
	(1004,9,'Aranguren',NULL,NULL),
	(1005,9,'Arroyo Barú',NULL,NULL),
	(1006,9,'Arroyo Burgos',NULL,NULL),
	(1007,9,'Arroyo Clé',NULL,NULL),
	(1008,9,'Arroyo Corralito',NULL,NULL),
	(1009,9,'Arroyo del Medio',NULL,NULL),
	(1010,9,'Arroyo Maturrango',NULL,NULL),
	(1011,9,'Arroyo Palo Seco',NULL,NULL),
	(1012,9,'Banderas',NULL,NULL),
	(1013,9,'Basavilbaso',NULL,NULL),
	(1014,9,'Betbeder',NULL,NULL),
	(1015,9,'Bovril',NULL,NULL),
	(1016,9,'Caseros',NULL,NULL),
	(1017,9,'Ceibas',NULL,NULL),
	(1018,9,'Cerrito',NULL,NULL),
	(1019,9,'Chajarí',NULL,NULL),
	(1020,9,'Chilcas',NULL,NULL),
	(1021,9,'Clodomiro Ledesma',NULL,NULL),
	(1022,9,'Col. Alemana',NULL,NULL),
	(1023,9,'Col. Avellaneda',NULL,NULL),
	(1024,9,'Col. Avigdor',NULL,NULL),
	(1025,9,'Col. Ayuí',NULL,NULL),
	(1026,9,'Col. Baylina',NULL,NULL),
	(1027,9,'Col. Carrasco',NULL,NULL),
	(1028,9,'Col. Celina',NULL,NULL),
	(1029,9,'Col. Cerrito',NULL,NULL),
	(1030,9,'Col. Crespo',NULL,NULL),
	(1031,9,'Col. Elia',NULL,NULL),
	(1032,9,'Col. Ensayo',NULL,NULL),
	(1033,9,'Col. Gral. Roca',NULL,NULL),
	(1034,9,'Col. La Argentina',NULL,NULL),
	(1035,9,'Col. Merou',NULL,NULL),
	(1036,9,'Col. Oficial Nª3',NULL,NULL),
	(1037,9,'Col. Oficial Nº13',NULL,NULL),
	(1038,9,'Col. Oficial Nº14',NULL,NULL),
	(1039,9,'Col. Oficial Nº5',NULL,NULL),
	(1040,9,'Col. Reffino',NULL,NULL),
	(1041,9,'Col. Tunas',NULL,NULL),
	(1042,9,'Col. Viraró',NULL,NULL),
	(1043,9,'Colón',NULL,NULL),
	(1044,9,'Concepción del Uruguay',NULL,NULL),
	(1045,9,'Concordia',NULL,NULL),
	(1046,9,'Conscripto Bernardi',NULL,NULL),
	(1047,9,'Costa Grande',NULL,NULL),
	(1048,9,'Costa San Antonio',NULL,NULL),
	(1049,9,'Costa Uruguay N.',NULL,NULL),
	(1050,9,'Costa Uruguay S.',NULL,NULL),
	(1051,9,'Crespo',NULL,NULL),
	(1052,9,'Crucecitas 3ª',NULL,NULL),
	(1053,9,'Crucecitas 7ª',NULL,NULL),
	(1054,9,'Crucecitas 8ª',NULL,NULL),
	(1055,9,'Cuchilla Redonda',NULL,NULL),
	(1056,9,'Curtiembre',NULL,NULL),
	(1057,9,'Diamante',NULL,NULL),
	(1058,9,'Distrito 6º',NULL,NULL),
	(1059,9,'Distrito Chañar',NULL,NULL),
	(1060,9,'Distrito Chiqueros',NULL,NULL),
	(1061,9,'Distrito Cuarto',NULL,NULL),
	(1062,9,'Distrito Diego López',NULL,NULL),
	(1063,9,'Distrito Pajonal',NULL,NULL),
	(1064,9,'Distrito Sauce',NULL,NULL),
	(1065,9,'Distrito Tala',NULL,NULL),
	(1066,9,'Distrito Talitas',NULL,NULL),
	(1067,9,'Don Cristóbal 1ª Sección',NULL,NULL),
	(1068,9,'Don Cristóbal 2ª Sección',NULL,NULL),
	(1069,9,'Durazno',NULL,NULL),
	(1070,9,'El Cimarrón',NULL,NULL),
	(1071,9,'El Gramillal',NULL,NULL),
	(1072,9,'El Palenque',NULL,NULL),
	(1073,9,'El Pingo',NULL,NULL),
	(1074,9,'El Quebracho',NULL,NULL),
	(1075,9,'El Redomón',NULL,NULL),
	(1076,9,'El Solar',NULL,NULL),
	(1077,9,'Enrique Carbo',NULL,NULL),
	(1078,9,'9',NULL,NULL),
	(1079,9,'Espinillo N.',NULL,NULL),
	(1080,9,'Estación Campos',NULL,NULL),
	(1081,9,'Estación Escriña',NULL,NULL),
	(1082,9,'Estación Lazo',NULL,NULL),
	(1083,9,'Estación Raíces',NULL,NULL),
	(1084,9,'Estación Yerúa',NULL,NULL),
	(1085,9,'Estancia Grande',NULL,NULL),
	(1086,9,'Estancia Líbaros',NULL,NULL),
	(1087,9,'Estancia Racedo',NULL,NULL),
	(1088,9,'Estancia Solá',NULL,NULL),
	(1089,9,'Estancia Yuquerí',NULL,NULL),
	(1090,9,'Estaquitas',NULL,NULL),
	(1091,9,'Faustino M. Parera',NULL,NULL),
	(1092,9,'Febre',NULL,NULL),
	(1093,9,'Federación',NULL,NULL),
	(1094,9,'Federal',NULL,NULL),
	(1095,9,'Gdor. Echagüe',NULL,NULL),
	(1096,9,'Gdor. Mansilla',NULL,NULL),
	(1097,9,'Gilbert',NULL,NULL),
	(1098,9,'González Calderón',NULL,NULL),
	(1099,9,'Gral. Almada',NULL,NULL),
	(1100,9,'Gral. Alvear',NULL,NULL),
	(1101,9,'Gral. Campos',NULL,NULL),
	(1102,9,'Gral. Galarza',NULL,NULL),
	(1103,9,'Gral. Ramírez',NULL,NULL),
	(1104,9,'Gualeguay',NULL,NULL),
	(1105,9,'Gualeguaychú',NULL,NULL),
	(1106,9,'Gualeguaycito',NULL,NULL),
	(1107,9,'Guardamonte',NULL,NULL),
	(1108,9,'Hambis',NULL,NULL),
	(1109,9,'Hasenkamp',NULL,NULL),
	(1110,9,'Hernandarias',NULL,NULL),
	(1111,9,'Hernández',NULL,NULL),
	(1112,9,'Herrera',NULL,NULL),
	(1113,9,'Hinojal',NULL,NULL),
	(1114,9,'Hocker',NULL,NULL),
	(1115,9,'Ing. Sajaroff',NULL,NULL),
	(1116,9,'Irazusta',NULL,NULL),
	(1117,9,'Isletas',NULL,NULL),
	(1118,9,'J.J De Urquiza',NULL,NULL),
	(1119,9,'Jubileo',NULL,NULL),
	(1120,9,'La Clarita',NULL,NULL),
	(1121,9,'La Criolla',NULL,NULL),
	(1122,9,'La Esmeralda',NULL,NULL),
	(1123,9,'La Florida',NULL,NULL),
	(1124,9,'La Fraternidad',NULL,NULL),
	(1125,9,'La Hierra',NULL,NULL),
	(1126,9,'La Ollita',NULL,NULL),
	(1127,9,'La Paz',NULL,NULL),
	(1128,9,'La Picada',NULL,NULL),
	(1129,9,'La Providencia',NULL,NULL),
	(1130,9,'La Verbena',NULL,NULL),
	(1131,9,'Laguna Benítez',NULL,NULL),
	(1132,9,'Larroque',NULL,NULL),
	(1133,9,'Las Cuevas',NULL,NULL),
	(1134,9,'Las Garzas',NULL,NULL),
	(1135,9,'Las Guachas',NULL,NULL),
	(1136,9,'Las Mercedes',NULL,NULL),
	(1137,9,'Las Moscas',NULL,NULL),
	(1138,9,'Las Mulitas',NULL,NULL),
	(1139,9,'Las Toscas',NULL,NULL),
	(1140,9,'Laurencena',NULL,NULL),
	(1141,9,'Libertador San Martín',NULL,NULL),
	(1142,9,'Loma Limpia',NULL,NULL),
	(1143,9,'Los Ceibos',NULL,NULL),
	(1144,9,'Los Charruas',NULL,NULL),
	(1145,9,'Los Conquistadores',NULL,NULL),
	(1146,9,'Lucas González',NULL,NULL),
	(1147,9,'Lucas N.',NULL,NULL),
	(1148,9,'Lucas S. 1ª',NULL,NULL),
	(1149,9,'Lucas S. 2ª',NULL,NULL),
	(1150,9,'Maciá',NULL,NULL),
	(1151,9,'María Grande',NULL,NULL),
	(1152,9,'María Grande 2ª',NULL,NULL),
	(1153,9,'Médanos',NULL,NULL),
	(1154,9,'Mojones N.',NULL,NULL),
	(1155,9,'Mojones S.',NULL,NULL),
	(1156,9,'Molino Doll',NULL,NULL),
	(1157,9,'Monte Redondo',NULL,NULL),
	(1158,9,'Montoya',NULL,NULL),
	(1159,9,'Mulas Grandes',NULL,NULL),
	(1160,9,'Ñancay',NULL,NULL),
	(1161,9,'Nogoyá',NULL,NULL),
	(1162,9,'Nueva Escocia',NULL,NULL),
	(1163,9,'Nueva Vizcaya',NULL,NULL),
	(1164,9,'Ombú',NULL,NULL),
	(1165,9,'Oro Verde',NULL,NULL),
	(1166,9,'Paraná',NULL,NULL),
	(1167,9,'Pasaje Guayaquil',NULL,NULL),
	(1168,9,'Pasaje Las Tunas',NULL,NULL),
	(1169,9,'Paso de La Arena',NULL,NULL),
	(1170,9,'Paso de La Laguna',NULL,NULL),
	(1171,9,'Paso de Las Piedras',NULL,NULL),
	(1172,9,'Paso Duarte',NULL,NULL),
	(1173,9,'Pastor Britos',NULL,NULL),
	(1174,9,'Pedernal',NULL,NULL),
	(1175,9,'Perdices',NULL,NULL),
	(1176,9,'Picada Berón',NULL,NULL),
	(1177,9,'Piedras Blancas',NULL,NULL),
	(1178,9,'Primer Distrito Cuchilla',NULL,NULL),
	(1179,9,'Primero de Mayo',NULL,NULL),
	(1180,9,'Pronunciamiento',NULL,NULL),
	(1181,9,'Pto. Algarrobo',NULL,NULL),
	(1182,9,'Pto. Ibicuy',NULL,NULL),
	(1183,9,'Pueblo Brugo',NULL,NULL),
	(1184,9,'Pueblo Cazes',NULL,NULL),
	(1185,9,'Pueblo Gral. Belgrano',NULL,NULL),
	(1186,9,'Pueblo Liebig',NULL,NULL),
	(1187,9,'Puerto Yeruá',NULL,NULL),
	(1188,9,'Punta del Monte',NULL,NULL),
	(1189,9,'Quebracho',NULL,NULL),
	(1190,9,'Quinto Distrito',NULL,NULL),
	(1191,9,'Raices Oeste',NULL,NULL),
	(1192,9,'Rincón de Nogoyá',NULL,NULL),
	(1193,9,'Rincón del Cinto',NULL,NULL),
	(1194,9,'Rincón del Doll',NULL,NULL),
	(1195,9,'Rincón del Gato',NULL,NULL),
	(1196,9,'Rocamora',NULL,NULL),
	(1197,9,'Rosario del Tala',NULL,NULL),
	(1198,9,'San Benito',NULL,NULL),
	(1199,9,'San Cipriano',NULL,NULL),
	(1200,9,'San Ernesto',NULL,NULL),
	(1201,9,'San Gustavo',NULL,NULL),
	(1202,9,'San Jaime',NULL,NULL),
	(1203,9,'San José',NULL,NULL),
	(1204,9,'San José de Feliciano',NULL,NULL),
	(1205,9,'San Justo',NULL,NULL),
	(1206,9,'San Marcial',NULL,NULL),
	(1207,9,'San Pedro',NULL,NULL),
	(1208,9,'San Ramírez',NULL,NULL),
	(1209,9,'San Ramón',NULL,NULL),
	(1210,9,'San Roque',NULL,NULL),
	(1211,9,'San Salvador',NULL,NULL),
	(1212,9,'San Víctor',NULL,NULL),
	(1213,9,'Santa Ana',NULL,NULL),
	(1214,9,'Santa Anita',NULL,NULL),
	(1215,9,'Santa Elena',NULL,NULL),
	(1216,9,'Santa Lucía',NULL,NULL),
	(1217,9,'Santa Luisa',NULL,NULL),
	(1218,9,'Sauce de Luna',NULL,NULL),
	(1219,9,'Sauce Montrull',NULL,NULL),
	(1220,9,'Sauce Pinto',NULL,NULL),
	(1221,9,'Sauce Sur',NULL,NULL),
	(1222,9,'Seguí',NULL,NULL),
	(1223,9,'Sir Leonard',NULL,NULL),
	(1224,9,'Sosa',NULL,NULL),
	(1225,9,'Tabossi',NULL,NULL),
	(1226,9,'Tezanos Pinto',NULL,NULL),
	(1227,9,'Ubajay',NULL,NULL),
	(1228,9,'Urdinarrain',NULL,NULL),
	(1229,9,'Veinte de Septiembre',NULL,NULL),
	(1230,9,'Viale',NULL,NULL),
	(1231,9,'Victoria',NULL,NULL),
	(1232,9,'Villa Clara',NULL,NULL),
	(1233,9,'Villa del Rosario',NULL,NULL),
	(1234,9,'Villa Domínguez',NULL,NULL),
	(1235,9,'Villa Elisa',NULL,NULL),
	(1236,9,'Villa Fontana',NULL,NULL),
	(1237,9,'Villa Gdor. Etchevehere',NULL,NULL),
	(1238,9,'Villa Mantero',NULL,NULL),
	(1239,9,'Villa Paranacito',NULL,NULL),
	(1240,9,'Villa Urquiza',NULL,NULL),
	(1241,9,'Villaguay',NULL,NULL),
	(1242,9,'Walter Moss',NULL,NULL),
	(1243,9,'Yacaré',NULL,NULL),
	(1244,9,'Yeso Oeste',NULL,NULL),
	(1245,10,'Buena Vista',NULL,NULL),
	(1246,10,'Clorinda',NULL,NULL),
	(1247,10,'Col. Pastoril',NULL,NULL),
	(1248,10,'Cte. Fontana',NULL,NULL),
	(1249,10,'El Colorado',NULL,NULL),
	(1250,10,'El Espinillo',NULL,NULL),
	(1251,10,'Estanislao Del Campo',NULL,NULL),
	(1252,10,'10',NULL,NULL),
	(1253,10,'Fortín Lugones',NULL,NULL),
	(1254,10,'Gral. Lucio V. Mansilla',NULL,NULL),
	(1255,10,'Gral. Manuel Belgrano',NULL,NULL),
	(1256,10,'Gral. Mosconi',NULL,NULL),
	(1257,10,'Gran Guardia',NULL,NULL),
	(1258,10,'Herradura',NULL,NULL),
	(1259,10,'Ibarreta',NULL,NULL),
	(1260,10,'Ing. Juárez',NULL,NULL),
	(1261,10,'Laguna Blanca',NULL,NULL),
	(1262,10,'Laguna Naick Neck',NULL,NULL),
	(1263,10,'Laguna Yema',NULL,NULL),
	(1264,10,'Las Lomitas',NULL,NULL),
	(1265,10,'Los Chiriguanos',NULL,NULL),
	(1266,10,'Mayor V. Villafañe',NULL,NULL),
	(1267,10,'Misión San Fco.',NULL,NULL),
	(1268,10,'Palo Santo',NULL,NULL),
	(1269,10,'Pirané',NULL,NULL),
	(1270,10,'Pozo del Maza',NULL,NULL),
	(1271,10,'Riacho He-He',NULL,NULL),
	(1272,10,'San Hilario',NULL,NULL),
	(1273,10,'San Martín II',NULL,NULL),
	(1274,10,'Siete Palmas',NULL,NULL),
	(1275,10,'Subteniente Perín',NULL,NULL),
	(1276,10,'Tres Lagunas',NULL,NULL),
	(1277,10,'Villa Dos Trece',NULL,NULL),
	(1278,10,'Villa Escolar',NULL,NULL),
	(1279,10,'Villa Gral. Güemes',NULL,NULL),
	(1280,11,'Abdon Castro Tolay',NULL,NULL),
	(1281,11,'Abra Pampa',NULL,NULL),
	(1282,11,'Abralaite',NULL,NULL),
	(1283,11,'Aguas Calientes',NULL,NULL),
	(1284,11,'Arrayanal',NULL,NULL),
	(1285,11,'Barrios',NULL,NULL),
	(1286,11,'Caimancito',NULL,NULL),
	(1287,11,'Calilegua',NULL,NULL),
	(1288,11,'Cangrejillos',NULL,NULL),
	(1289,11,'Caspala',NULL,NULL),
	(1290,11,'Catuá',NULL,NULL),
	(1291,11,'Cieneguillas',NULL,NULL),
	(1292,11,'Coranzulli',NULL,NULL),
	(1293,11,'Cusi-Cusi',NULL,NULL),
	(1294,11,'El Aguilar',NULL,NULL),
	(1295,11,'El Carmen',NULL,NULL),
	(1296,11,'El Cóndor',NULL,NULL),
	(1297,11,'El Fuerte',NULL,NULL),
	(1298,11,'El Piquete',NULL,NULL),
	(1299,11,'El Talar',NULL,NULL),
	(1300,11,'Fraile Pintado',NULL,NULL),
	(1301,11,'Hipólito Yrigoyen',NULL,NULL),
	(1302,11,'Huacalera',NULL,NULL),
	(1303,11,'Humahuaca',NULL,NULL),
	(1304,11,'La Esperanza',NULL,NULL),
	(1305,11,'La Mendieta',NULL,NULL),
	(1306,11,'La Quiaca',NULL,NULL),
	(1307,11,'Ledesma',NULL,NULL),
	(1308,11,'Libertador Gral. San Martin',NULL,NULL),
	(1309,11,'Maimara',NULL,NULL),
	(1310,11,'Mina Pirquitas',NULL,NULL),
	(1311,11,'Monterrico',NULL,NULL),
	(1312,11,'Palma Sola',NULL,NULL),
	(1313,11,'Palpalá',NULL,NULL),
	(1314,11,'Pampa Blanca',NULL,NULL),
	(1315,11,'Pampichuela',NULL,NULL),
	(1316,11,'Perico',NULL,NULL),
	(1317,11,'Puesto del Marqués',NULL,NULL),
	(1318,11,'Puesto Viejo',NULL,NULL),
	(1319,11,'Pumahuasi',NULL,NULL),
	(1320,11,'Purmamarca',NULL,NULL),
	(1321,11,'Rinconada',NULL,NULL),
	(1322,11,'Rodeitos',NULL,NULL),
	(1323,11,'Rosario de Río Grande',NULL,NULL),
	(1324,11,'San Antonio',NULL,NULL),
	(1325,11,'San Francisco',NULL,NULL),
	(1326,11,'San Pedro',NULL,NULL),
	(1327,11,'San Rafael',NULL,NULL),
	(1328,11,'San Salvador',NULL,NULL),
	(1329,11,'Santa Ana',NULL,NULL),
	(1330,11,'Santa Catalina',NULL,NULL),
	(1331,11,'Santa Clara',NULL,NULL),
	(1332,11,'Susques',NULL,NULL),
	(1333,11,'Tilcara',NULL,NULL),
	(1334,11,'Tres Cruces',NULL,NULL),
	(1335,11,'Tumbaya',NULL,NULL),
	(1336,11,'Valle Grande',NULL,NULL),
	(1337,11,'Vinalito',NULL,NULL),
	(1338,11,'Volcán',NULL,NULL),
	(1339,11,'Yala',NULL,NULL),
	(1340,11,'Yaví',NULL,NULL),
	(1341,11,'Yuto',NULL,NULL),
	(1342,12,'Abramo',NULL,NULL),
	(1343,12,'Adolfo Van Praet',NULL,NULL),
	(1344,12,'Agustoni',NULL,NULL),
	(1345,12,'Algarrobo del Aguila',NULL,NULL),
	(1346,12,'Alpachiri',NULL,NULL),
	(1347,12,'Alta Italia',NULL,NULL),
	(1348,12,'Anguil',NULL,NULL),
	(1349,12,'Arata',NULL,NULL),
	(1350,12,'Ataliva Roca',NULL,NULL),
	(1351,12,'Bernardo Larroude',NULL,NULL),
	(1352,12,'Bernasconi',NULL,NULL),
	(1353,12,'Caleufú',NULL,NULL),
	(1354,12,'Carro Quemado',NULL,NULL),
	(1355,12,'Catriló',NULL,NULL),
	(1356,12,'Ceballos',NULL,NULL),
	(1357,12,'Chacharramendi',NULL,NULL),
	(1358,12,'Col. Barón',NULL,NULL),
	(1359,12,'Col. Santa María',NULL,NULL),
	(1360,12,'Conhelo',NULL,NULL),
	(1361,12,'Coronel Hilario Lagos',NULL,NULL),
	(1362,12,'Cuchillo-Có',NULL,NULL),
	(1363,12,'Doblas',NULL,NULL),
	(1364,12,'Dorila',NULL,NULL),
	(1365,12,'Eduardo Castex',NULL,NULL),
	(1366,12,'Embajador Martini',NULL,NULL),
	(1367,12,'Falucho',NULL,NULL),
	(1368,12,'Gral. Acha',NULL,NULL),
	(1369,12,'Gral. Manuel Campos',NULL,NULL),
	(1370,12,'Gral. Pico',NULL,NULL),
	(1371,12,'Guatraché',NULL,NULL),
	(1372,12,'Ing. Luiggi',NULL,NULL),
	(1373,12,'Intendente Alvear',NULL,NULL),
	(1374,12,'Jacinto Arauz',NULL,NULL),
	(1375,12,'La Adela',NULL,NULL),
	(1376,12,'La Humada',NULL,NULL),
	(1377,12,'La Maruja',NULL,NULL),
	(1378,12,'12',NULL,NULL),
	(1379,12,'La Reforma',NULL,NULL),
	(1380,12,'Limay Mahuida',NULL,NULL),
	(1381,12,'Lonquimay',NULL,NULL),
	(1382,12,'Loventuel',NULL,NULL),
	(1383,12,'Luan Toro',NULL,NULL),
	(1384,12,'Macachín',NULL,NULL),
	(1385,12,'Maisonnave',NULL,NULL),
	(1386,12,'Mauricio Mayer',NULL,NULL),
	(1387,12,'Metileo',NULL,NULL),
	(1388,12,'Miguel Cané',NULL,NULL),
	(1389,12,'Miguel Riglos',NULL,NULL),
	(1390,12,'Monte Nievas',NULL,NULL),
	(1391,12,'Parera',NULL,NULL),
	(1392,12,'Perú',NULL,NULL),
	(1393,12,'Pichi-Huinca',NULL,NULL),
	(1394,12,'Puelches',NULL,NULL),
	(1395,12,'Puelén',NULL,NULL),
	(1396,12,'Quehue',NULL,NULL),
	(1397,12,'Quemú Quemú',NULL,NULL),
	(1398,12,'Quetrequén',NULL,NULL),
	(1399,12,'Rancul',NULL,NULL),
	(1400,12,'Realicó',NULL,NULL),
	(1401,12,'Relmo',NULL,NULL),
	(1402,12,'Rolón',NULL,NULL),
	(1403,12,'Rucanelo',NULL,NULL),
	(1404,12,'Sarah',NULL,NULL),
	(1405,12,'Speluzzi',NULL,NULL),
	(1406,12,'Sta. Isabel',NULL,NULL),
	(1407,12,'Sta. Rosa',NULL,NULL),
	(1408,12,'Sta. Teresa',NULL,NULL),
	(1409,12,'Telén',NULL,NULL),
	(1410,12,'Toay',NULL,NULL),
	(1411,12,'Tomas M. de Anchorena',NULL,NULL),
	(1412,12,'Trenel',NULL,NULL),
	(1413,12,'Unanue',NULL,NULL),
	(1414,12,'Uriburu',NULL,NULL),
	(1415,12,'Veinticinco de Mayo',NULL,NULL),
	(1416,12,'Vertiz',NULL,NULL),
	(1417,12,'Victorica',NULL,NULL),
	(1418,12,'Villa Mirasol',NULL,NULL),
	(1419,12,'Winifreda',NULL,NULL),
	(1420,13,'Arauco',NULL,NULL),
	(1421,13,'Capital',NULL,NULL),
	(1422,13,'Castro Barros',NULL,NULL),
	(1423,13,'Chamical',NULL,NULL),
	(1424,13,'Chilecito',NULL,NULL),
	(1425,13,'Coronel F. Varela',NULL,NULL),
	(1426,13,'Famatina',NULL,NULL),
	(1427,13,'Gral. A.V.Peñaloza',NULL,NULL),
	(1428,13,'Gral. Belgrano',NULL,NULL),
	(1429,13,'Gral. J.F. Quiroga',NULL,NULL),
	(1430,13,'Gral. Lamadrid',NULL,NULL),
	(1431,13,'Gral. Ocampo',NULL,NULL),
	(1432,13,'Gral. San Martín',NULL,NULL),
	(1433,13,'Independencia',NULL,NULL),
	(1434,13,'Rosario Penaloza',NULL,NULL),
	(1435,13,'San Blas de Los Sauces',NULL,NULL),
	(1436,13,'Sanagasta',NULL,NULL),
	(1437,13,'Vinchina',NULL,NULL),
	(1438,14,'Capital',NULL,NULL),
	(1439,14,'Chacras de Coria',NULL,NULL),
	(1440,14,'Dorrego',NULL,NULL),
	(1441,14,'Gllen',NULL,NULL),
	(1442,14,'Godoy Cruz',NULL,NULL),
	(1443,14,'Gral. Alvear',NULL,NULL),
	(1444,14,'Guaymallén',NULL,NULL),
	(1445,14,'Junín',NULL,NULL),
	(1446,14,'La Paz',NULL,NULL),
	(1447,14,'Las Heras',NULL,NULL),
	(1448,14,'Lavalle',NULL,NULL),
	(1449,14,'Luján',NULL,NULL),
	(1450,14,'Luján De Cuyo',NULL,NULL),
	(1451,14,'Maipú',NULL,NULL),
	(1452,14,'Malargüe',NULL,NULL),
	(1453,14,'Rivadavia',NULL,NULL),
	(1454,14,'San Carlos',NULL,NULL),
	(1455,14,'San Martín',NULL,NULL),
	(1456,14,'San Rafael',NULL,NULL),
	(1457,14,'Sta. Rosa',NULL,NULL),
	(1458,14,'Tunuyán',NULL,NULL),
	(1459,14,'Tupungato',NULL,NULL),
	(1460,14,'Villa Nueva',NULL,NULL),
	(1461,15,'Alba Posse',NULL,NULL),
	(1462,15,'Almafuerte',NULL,NULL),
	(1463,15,'Apóstoles',NULL,NULL),
	(1464,15,'Aristóbulo Del Valle',NULL,NULL),
	(1465,15,'Arroyo Del Medio',NULL,NULL),
	(1466,15,'Azara',NULL,NULL),
	(1467,15,'Bdo. De Irigoyen',NULL,NULL),
	(1468,15,'Bonpland',NULL,NULL),
	(1469,15,'Caá Yari',NULL,NULL),
	(1470,15,'Campo Grande',NULL,NULL),
	(1471,15,'Campo Ramón',NULL,NULL),
	(1472,15,'Campo Viera',NULL,NULL),
	(1473,15,'Candelaria',NULL,NULL),
	(1474,15,'Capioví',NULL,NULL),
	(1475,15,'Caraguatay',NULL,NULL),
	(1476,15,'Cdte. Guacurarí',NULL,NULL),
	(1477,15,'Cerro Azul',NULL,NULL),
	(1478,15,'Cerro Corá',NULL,NULL),
	(1479,15,'Col. Alberdi',NULL,NULL),
	(1480,15,'Col. Aurora',NULL,NULL),
	(1481,15,'Col. Delicia',NULL,NULL),
	(1482,15,'Col. Polana',NULL,NULL),
	(1483,15,'Col. Victoria',NULL,NULL),
	(1484,15,'Col. Wanda',NULL,NULL),
	(1485,15,'Concepción De La Sierra',NULL,NULL),
	(1486,15,'Corpus',NULL,NULL),
	(1487,15,'Dos Arroyos',NULL,NULL),
	(1488,15,'Dos de Mayo',NULL,NULL),
	(1489,15,'El Alcázar',NULL,NULL),
	(1490,15,'El Dorado',NULL,NULL),
	(1491,15,'El Soberbio',NULL,NULL),
	(1492,15,'Esperanza',NULL,NULL),
	(1493,15,'F. Ameghino',NULL,NULL),
	(1494,15,'Fachinal',NULL,NULL),
	(1495,15,'Garuhapé',NULL,NULL),
	(1496,15,'Garupá',NULL,NULL),
	(1497,15,'Gdor. López',NULL,NULL),
	(1498,15,'Gdor. Roca',NULL,NULL),
	(1499,15,'Gral. Alvear',NULL,NULL),
	(1500,15,'Gral. Urquiza',NULL,NULL),
	(1501,15,'Guaraní',NULL,NULL),
	(1502,15,'H. Yrigoyen',NULL,NULL),
	(1503,15,'Iguazú',NULL,NULL),
	(1504,15,'Itacaruaré',NULL,NULL),
	(1505,15,'Jardín América',NULL,NULL),
	(1506,15,'Leandro N. Alem',NULL,NULL),
	(1507,15,'Libertad',NULL,NULL),
	(1508,15,'Loreto',NULL,NULL),
	(1509,15,'Los Helechos',NULL,NULL),
	(1510,15,'Mártires',NULL,NULL),
	(1511,15,'15',NULL,NULL),
	(1512,15,'Mojón Grande',NULL,NULL),
	(1513,15,'Montecarlo',NULL,NULL),
	(1514,15,'Nueve de Julio',NULL,NULL),
	(1515,15,'Oberá',NULL,NULL),
	(1516,15,'Olegario V. Andrade',NULL,NULL),
	(1517,15,'Panambí',NULL,NULL),
	(1518,15,'Posadas',NULL,NULL),
	(1519,15,'Profundidad',NULL,NULL),
	(1520,15,'Pto. Iguazú',NULL,NULL),
	(1521,15,'Pto. Leoni',NULL,NULL),
	(1522,15,'Pto. Piray',NULL,NULL),
	(1523,15,'Pto. Rico',NULL,NULL),
	(1524,15,'Ruiz de Montoya',NULL,NULL),
	(1525,15,'San Antonio',NULL,NULL),
	(1526,15,'San Ignacio',NULL,NULL),
	(1527,15,'San Javier',NULL,NULL),
	(1528,15,'San José',NULL,NULL),
	(1529,15,'San Martín',NULL,NULL),
	(1530,15,'San Pedro',NULL,NULL),
	(1531,15,'San Vicente',NULL,NULL),
	(1532,15,'Santiago De Liniers',NULL,NULL),
	(1533,15,'Santo Pipo',NULL,NULL),
	(1534,15,'Sta. Ana',NULL,NULL),
	(1535,15,'Sta. María',NULL,NULL),
	(1536,15,'Tres Capones',NULL,NULL),
	(1537,15,'Veinticinco de Mayo',NULL,NULL),
	(1538,15,'Wanda',NULL,NULL),
	(1539,16,'Aguada San Roque',NULL,NULL),
	(1540,16,'Aluminé',NULL,NULL),
	(1541,16,'Andacollo',NULL,NULL),
	(1542,16,'Añelo',NULL,NULL),
	(1543,16,'Bajada del Agrio',NULL,NULL),
	(1544,16,'Barrancas',NULL,NULL),
	(1545,16,'Buta Ranquil',NULL,NULL),
	(1546,16,'Capital',NULL,NULL),
	(1547,16,'Caviahué',NULL,NULL),
	(1548,16,'Centenario',NULL,NULL),
	(1549,16,'Chorriaca',NULL,NULL),
	(1550,16,'Chos Malal',NULL,NULL),
	(1551,16,'Cipolletti',NULL,NULL),
	(1552,16,'Covunco Abajo',NULL,NULL),
	(1553,16,'Coyuco Cochico',NULL,NULL),
	(1554,16,'Cutral Có',NULL,NULL),
	(1555,16,'El Cholar',NULL,NULL),
	(1556,16,'El Huecú',NULL,NULL),
	(1557,16,'El Sauce',NULL,NULL),
	(1558,16,'Guañacos',NULL,NULL),
	(1559,16,'Huinganco',NULL,NULL),
	(1560,16,'Las Coloradas',NULL,NULL),
	(1561,16,'Las Lajas',NULL,NULL),
	(1562,16,'Las Ovejas',NULL,NULL),
	(1563,16,'Loncopué',NULL,NULL),
	(1564,16,'Los Catutos',NULL,NULL),
	(1565,16,'Los Chihuidos',NULL,NULL),
	(1566,16,'Los Miches',NULL,NULL),
	(1567,16,'Manzano Amargo',NULL,NULL),
	(1568,16,'16',NULL,NULL),
	(1569,16,'Octavio Pico',NULL,NULL),
	(1570,16,'Paso Aguerre',NULL,NULL),
	(1571,16,'Picún Leufú',NULL,NULL),
	(1572,16,'Piedra del Aguila',NULL,NULL),
	(1573,16,'Pilo Lil',NULL,NULL),
	(1574,16,'Plaza Huincul',NULL,NULL),
	(1575,16,'Plottier',NULL,NULL),
	(1576,16,'Quili Malal',NULL,NULL),
	(1577,16,'Ramón Castro',NULL,NULL),
	(1578,16,'Rincón de Los Sauces',NULL,NULL),
	(1579,16,'San Martín de Los Andes',NULL,NULL),
	(1580,16,'San Patricio del Chañar',NULL,NULL),
	(1581,16,'Santo Tomás',NULL,NULL),
	(1582,16,'Sauzal Bonito',NULL,NULL),
	(1583,16,'Senillosa',NULL,NULL),
	(1584,16,'Taquimilán',NULL,NULL),
	(1585,16,'Tricao Malal',NULL,NULL),
	(1586,16,'Varvarco',NULL,NULL),
	(1587,16,'Villa Curí Leuvu',NULL,NULL),
	(1588,16,'Villa del Nahueve',NULL,NULL),
	(1589,16,'Villa del Puente Picún Leuvú',NULL,NULL),
	(1590,16,'Villa El Chocón',NULL,NULL),
	(1591,16,'Villa La Angostura',NULL,NULL),
	(1592,16,'Villa Pehuenia',NULL,NULL),
	(1593,16,'Villa Traful',NULL,NULL),
	(1594,16,'Vista Alegre',NULL,NULL),
	(1595,16,'Zapala',NULL,NULL),
	(1596,17,'Aguada Cecilio',NULL,NULL),
	(1597,17,'Aguada de Guerra',NULL,NULL),
	(1598,17,'Allén',NULL,NULL),
	(1599,17,'Arroyo de La Ventana',NULL,NULL),
	(1600,17,'Arroyo Los Berros',NULL,NULL),
	(1601,17,'Bariloche',NULL,NULL),
	(1602,17,'Calte. Cordero',NULL,NULL),
	(1603,17,'Campo Grande',NULL,NULL),
	(1604,17,'Catriel',NULL,NULL),
	(1605,17,'Cerro Policía',NULL,NULL),
	(1606,17,'Cervantes',NULL,NULL),
	(1607,17,'Chelforo',NULL,NULL),
	(1608,17,'Chimpay',NULL,NULL),
	(1609,17,'Chinchinales',NULL,NULL),
	(1610,17,'Chipauquil',NULL,NULL),
	(1611,17,'Choele Choel',NULL,NULL),
	(1612,17,'Cinco Saltos',NULL,NULL),
	(1613,17,'Cipolletti',NULL,NULL),
	(1614,17,'Clemente Onelli',NULL,NULL),
	(1615,17,'Colán Conhue',NULL,NULL),
	(1616,17,'Comallo',NULL,NULL),
	(1617,17,'Comicó',NULL,NULL),
	(1618,17,'Cona Niyeu',NULL,NULL),
	(1619,17,'Coronel Belisle',NULL,NULL),
	(1620,17,'Cubanea',NULL,NULL),
	(1621,17,'Darwin',NULL,NULL),
	(1622,17,'Dina Huapi',NULL,NULL),
	(1623,17,'El Bolsón',NULL,NULL),
	(1624,17,'El Caín',NULL,NULL),
	(1625,17,'El Manso',NULL,NULL),
	(1626,17,'Gral. Conesa',NULL,NULL),
	(1627,17,'Gral. Enrique Godoy',NULL,NULL),
	(1628,17,'Gral. Fernandez Oro',NULL,NULL),
	(1629,17,'Gral. Roca',NULL,NULL),
	(1630,17,'Guardia Mitre',NULL,NULL),
	(1631,17,'Ing. Huergo',NULL,NULL),
	(1632,17,'Ing. Jacobacci',NULL,NULL),
	(1633,17,'Laguna Blanca',NULL,NULL),
	(1634,17,'Lamarque',NULL,NULL),
	(1635,17,'Las Grutas',NULL,NULL),
	(1636,17,'Los Menucos',NULL,NULL),
	(1637,17,'Luis Beltrán',NULL,NULL),
	(1638,17,'Mainqué',NULL,NULL),
	(1639,17,'Mamuel Choique',NULL,NULL),
	(1640,17,'Maquinchao',NULL,NULL),
	(1641,17,'Mencué',NULL,NULL),
	(1642,17,'Mtro. Ramos Mexia',NULL,NULL),
	(1643,17,'Nahuel Niyeu',NULL,NULL),
	(1644,17,'Naupa Huen',NULL,NULL),
	(1645,17,'Ñorquinco',NULL,NULL),
	(1646,17,'Ojos de Agua',NULL,NULL),
	(1647,17,'Paso de Agua',NULL,NULL),
	(1648,17,'Paso Flores',NULL,NULL),
	(1649,17,'Peñas Blancas',NULL,NULL),
	(1650,17,'Pichi Mahuida',NULL,NULL),
	(1651,17,'Pilcaniyeu',NULL,NULL),
	(1652,17,'Pomona',NULL,NULL),
	(1653,17,'Prahuaniyeu',NULL,NULL),
	(1654,17,'Rincón Treneta',NULL,NULL),
	(1655,17,'Río Chico',NULL,NULL),
	(1656,17,'Río Colorado',NULL,NULL),
	(1657,17,'Roca',NULL,NULL),
	(1658,17,'San Antonio Oeste',NULL,NULL),
	(1659,17,'San Javier',NULL,NULL),
	(1660,17,'Sierra Colorada',NULL,NULL),
	(1661,17,'Sierra Grande',NULL,NULL),
	(1662,17,'Sierra Pailemán',NULL,NULL),
	(1663,17,'Valcheta',NULL,NULL),
	(1664,17,'Valle Azul',NULL,NULL),
	(1665,17,'Viedma',NULL,NULL),
	(1666,17,'Villa Llanquín',NULL,NULL),
	(1667,17,'Villa Mascardi',NULL,NULL),
	(1668,17,'Villa Regina',NULL,NULL),
	(1669,17,'Yaminué',NULL,NULL),
	(1670,18,'A. Saravia',NULL,NULL),
	(1671,18,'Aguaray',NULL,NULL),
	(1672,18,'Angastaco',NULL,NULL),
	(1673,18,'Animaná',NULL,NULL),
	(1674,18,'Cachi',NULL,NULL),
	(1675,18,'Cafayate',NULL,NULL),
	(1676,18,'Campo Quijano',NULL,NULL),
	(1677,18,'Campo Santo',NULL,NULL),
	(1678,18,'Capital',NULL,NULL),
	(1679,18,'Cerrillos',NULL,NULL),
	(1680,18,'Chicoana',NULL,NULL),
	(1681,18,'Col. Sta. Rosa',NULL,NULL),
	(1682,18,'Coronel Moldes',NULL,NULL),
	(1683,18,'El Bordo',NULL,NULL),
	(1684,18,'El Carril',NULL,NULL),
	(1685,18,'El Galpón',NULL,NULL),
	(1686,18,'El Jardín',NULL,NULL),
	(1687,18,'El Potrero',NULL,NULL),
	(1688,18,'El Quebrachal',NULL,NULL),
	(1689,18,'El Tala',NULL,NULL),
	(1690,18,'Embarcación',NULL,NULL),
	(1691,18,'Gral. Ballivian',NULL,NULL),
	(1692,18,'Gral. Güemes',NULL,NULL),
	(1693,18,'Gral. Mosconi',NULL,NULL),
	(1694,18,'Gral. Pizarro',NULL,NULL),
	(1695,18,'Guachipas',NULL,NULL),
	(1696,18,'Hipólito Yrigoyen',NULL,NULL),
	(1697,18,'Iruyá',NULL,NULL),
	(1698,18,'Isla De Cañas',NULL,NULL),
	(1699,18,'J. V. Gonzalez',NULL,NULL),
	(1700,18,'La Caldera',NULL,NULL),
	(1701,18,'La Candelaria',NULL,NULL),
	(1702,18,'La Merced',NULL,NULL),
	(1703,18,'La Poma',NULL,NULL),
	(1704,18,'La Viña',NULL,NULL),
	(1705,18,'Las Lajitas',NULL,NULL),
	(1706,18,'Los Toldos',NULL,NULL),
	(1707,18,'Metán',NULL,NULL),
	(1708,18,'Molinos',NULL,NULL),
	(1709,18,'Nazareno',NULL,NULL),
	(1710,18,'Orán',NULL,NULL),
	(1711,18,'Payogasta',NULL,NULL),
	(1712,18,'Pichanal',NULL,NULL),
	(1713,18,'Prof. S. Mazza',NULL,NULL),
	(1714,18,'Río Piedras',NULL,NULL),
	(1715,18,'Rivadavia Banda Norte',NULL,NULL),
	(1716,18,'Rivadavia Banda Sur',NULL,NULL),
	(1717,18,'Rosario de La Frontera',NULL,NULL),
	(1718,18,'Rosario de Lerma',NULL,NULL),
	(1719,18,'Saclantás',NULL,NULL),
	(1720,18,'18',NULL,NULL),
	(1721,18,'San Antonio',NULL,NULL),
	(1722,18,'San Carlos',NULL,NULL),
	(1723,18,'San José De Metán',NULL,NULL),
	(1724,18,'San Ramón',NULL,NULL),
	(1725,18,'Santa Victoria E.',NULL,NULL),
	(1726,18,'Santa Victoria O.',NULL,NULL),
	(1727,18,'Tartagal',NULL,NULL),
	(1728,18,'Tolar Grande',NULL,NULL),
	(1729,18,'Urundel',NULL,NULL),
	(1730,18,'Vaqueros',NULL,NULL),
	(1731,18,'Villa San Lorenzo',NULL,NULL),
	(1732,19,'Albardón',NULL,NULL),
	(1733,19,'Angaco',NULL,NULL),
	(1734,19,'Calingasta',NULL,NULL),
	(1735,19,'Capital',NULL,NULL),
	(1736,19,'Caucete',NULL,NULL),
	(1737,19,'Chimbas',NULL,NULL),
	(1738,19,'Iglesia',NULL,NULL),
	(1739,19,'Jachal',NULL,NULL),
	(1740,19,'Nueve de Julio',NULL,NULL),
	(1741,19,'Pocito',NULL,NULL),
	(1742,19,'Rawson',NULL,NULL),
	(1743,19,'Rivadavia',NULL,NULL),
	(1744,19,'19',NULL,NULL),
	(1745,19,'San Martín',NULL,NULL),
	(1746,19,'Santa Lucía',NULL,NULL),
	(1747,19,'Sarmiento',NULL,NULL),
	(1748,19,'Ullum',NULL,NULL),
	(1749,19,'Valle Fértil',NULL,NULL),
	(1750,19,'Veinticinco de Mayo',NULL,NULL),
	(1751,19,'Zonda',NULL,NULL),
	(1752,20,'Alto Pelado',NULL,NULL),
	(1753,20,'Alto Pencoso',NULL,NULL),
	(1754,20,'Anchorena',NULL,NULL),
	(1755,20,'Arizona',NULL,NULL),
	(1756,20,'Bagual',NULL,NULL),
	(1757,20,'Balde',NULL,NULL),
	(1758,20,'Batavia',NULL,NULL),
	(1759,20,'Beazley',NULL,NULL),
	(1760,20,'Buena Esperanza',NULL,NULL),
	(1761,20,'Candelaria',NULL,NULL),
	(1762,20,'Capital',NULL,NULL),
	(1763,20,'Carolina',NULL,NULL),
	(1764,20,'Carpintería',NULL,NULL),
	(1765,20,'Concarán',NULL,NULL),
	(1766,20,'Cortaderas',NULL,NULL),
	(1767,20,'El Morro',NULL,NULL),
	(1768,20,'El Trapiche',NULL,NULL),
	(1769,20,'El Volcán',NULL,NULL),
	(1770,20,'Fortín El Patria',NULL,NULL),
	(1771,20,'Fortuna',NULL,NULL),
	(1772,20,'Fraga',NULL,NULL),
	(1773,20,'Juan Jorba',NULL,NULL),
	(1774,20,'Juan Llerena',NULL,NULL),
	(1775,20,'Juana Koslay',NULL,NULL),
	(1776,20,'Justo Daract',NULL,NULL),
	(1777,20,'La Calera',NULL,NULL),
	(1778,20,'La Florida',NULL,NULL),
	(1779,20,'La Punilla',NULL,NULL),
	(1780,20,'La Toma',NULL,NULL),
	(1781,20,'Lafinur',NULL,NULL),
	(1782,20,'Las Aguadas',NULL,NULL),
	(1783,20,'Las Chacras',NULL,NULL),
	(1784,20,'Las Lagunas',NULL,NULL),
	(1785,20,'Las Vertientes',NULL,NULL),
	(1786,20,'Lavaisse',NULL,NULL),
	(1787,20,'Leandro N. Alem',NULL,NULL),
	(1788,20,'Los Molles',NULL,NULL),
	(1789,20,'Luján',NULL,NULL),
	(1790,20,'Mercedes',NULL,NULL),
	(1791,20,'Merlo',NULL,NULL),
	(1792,20,'Naschel',NULL,NULL),
	(1793,20,'Navia',NULL,NULL),
	(1794,20,'Nogolí',NULL,NULL),
	(1795,20,'Nueva Galia',NULL,NULL),
	(1796,20,'Papagayos',NULL,NULL),
	(1797,20,'Paso Grande',NULL,NULL),
	(1798,20,'Potrero de Los Funes',NULL,NULL),
	(1799,20,'Quines',NULL,NULL),
	(1800,20,'Renca',NULL,NULL),
	(1801,20,'Saladillo',NULL,NULL),
	(1802,20,'San Francisco',NULL,NULL),
	(1803,20,'San Gerónimo',NULL,NULL),
	(1804,20,'San Martín',NULL,NULL),
	(1805,20,'San Pablo',NULL,NULL),
	(1806,20,'Santa Rosa de Conlara',NULL,NULL),
	(1807,20,'Talita',NULL,NULL),
	(1808,20,'Tilisarao',NULL,NULL),
	(1809,20,'Unión',NULL,NULL),
	(1810,20,'Villa de La Quebrada',NULL,NULL),
	(1811,20,'Villa de Praga',NULL,NULL),
	(1812,20,'Villa del Carmen',NULL,NULL),
	(1813,20,'Villa Gral. Roca',NULL,NULL),
	(1814,20,'Villa Larca',NULL,NULL),
	(1815,20,'Villa Mercedes',NULL,NULL),
	(1816,20,'Zanjitas',NULL,NULL),
	(1817,21,'Calafate',NULL,NULL),
	(1818,21,'Caleta Olivia',NULL,NULL),
	(1819,21,'Cañadón Seco',NULL,NULL),
	(1820,21,'Comandante Piedrabuena',NULL,NULL),
	(1821,21,'El Calafate',NULL,NULL),
	(1822,21,'El Chaltén',NULL,NULL),
	(1823,21,'Gdor. Gregores',NULL,NULL),
	(1824,21,'Hipólito Yrigoyen',NULL,NULL),
	(1825,21,'Jaramillo',NULL,NULL),
	(1826,21,'Koluel Kaike',NULL,NULL),
	(1827,21,'Las Heras',NULL,NULL),
	(1828,21,'Los Antiguos',NULL,NULL),
	(1829,21,'Perito Moreno',NULL,NULL),
	(1830,21,'Pico Truncado',NULL,NULL),
	(1831,21,'Pto. Deseado',NULL,NULL),
	(1832,21,'Pto. San Julián',NULL,NULL),
	(1833,21,'Pto. 21',NULL,NULL),
	(1834,21,'Río Cuarto',NULL,NULL),
	(1835,21,'Río Gallegos',NULL,NULL),
	(1836,21,'Río Turbio',NULL,NULL),
	(1837,21,'Tres Lagos',NULL,NULL),
	(1838,21,'Veintiocho De Noviembre',NULL,NULL),
	(1839,22,'Aarón Castellanos',NULL,NULL),
	(1840,22,'Acebal',NULL,NULL),
	(1841,22,'Aguará Grande',NULL,NULL),
	(1842,22,'Albarellos',NULL,NULL),
	(1843,22,'Alcorta',NULL,NULL),
	(1844,22,'Aldao',NULL,NULL),
	(1845,22,'Alejandra',NULL,NULL),
	(1846,22,'Álvarez',NULL,NULL),
	(1847,22,'Ambrosetti',NULL,NULL),
	(1848,22,'Amenábar',NULL,NULL),
	(1849,22,'Angélica',NULL,NULL),
	(1850,22,'Angeloni',NULL,NULL),
	(1851,22,'Arequito',NULL,NULL),
	(1852,22,'Arminda',NULL,NULL),
	(1853,22,'Armstrong',NULL,NULL),
	(1854,22,'Arocena',NULL,NULL),
	(1855,22,'Arroyo Aguiar',NULL,NULL),
	(1856,22,'Arroyo Ceibal',NULL,NULL),
	(1857,22,'Arroyo Leyes',NULL,NULL),
	(1858,22,'Arroyo Seco',NULL,NULL),
	(1859,22,'Arrufó',NULL,NULL),
	(1860,22,'Arteaga',NULL,NULL),
	(1861,22,'Ataliva',NULL,NULL),
	(1862,22,'Aurelia',NULL,NULL),
	(1863,22,'Avellaneda',NULL,NULL),
	(1864,22,'Barrancas',NULL,NULL),
	(1865,22,'Bauer Y Sigel',NULL,NULL),
	(1866,22,'Bella Italia',NULL,NULL),
	(1867,22,'Berabevú',NULL,NULL),
	(1868,22,'Berna',NULL,NULL),
	(1869,22,'Bernardo de Irigoyen',NULL,NULL),
	(1870,22,'Bigand',NULL,NULL),
	(1871,22,'Bombal',NULL,NULL),
	(1872,22,'Bouquet',NULL,NULL),
	(1873,22,'Bustinza',NULL,NULL),
	(1874,22,'Cabal',NULL,NULL),
	(1875,22,'Cacique Ariacaiquin',NULL,NULL),
	(1876,22,'Cafferata',NULL,NULL),
	(1877,22,'Calchaquí',NULL,NULL),
	(1878,22,'Campo Andino',NULL,NULL),
	(1879,22,'Campo Piaggio',NULL,NULL),
	(1880,22,'Cañada de Gómez',NULL,NULL),
	(1881,22,'Cañada del Ucle',NULL,NULL),
	(1882,22,'Cañada Rica',NULL,NULL),
	(1883,22,'Cañada Rosquín',NULL,NULL),
	(1884,22,'Candioti',NULL,NULL),
	(1885,22,'Capital',NULL,NULL),
	(1886,22,'Capitán Bermúdez',NULL,NULL),
	(1887,22,'Capivara',NULL,NULL),
	(1888,22,'Carcarañá',NULL,NULL),
	(1889,22,'Carlos Pellegrini',NULL,NULL),
	(1890,22,'Carmen',NULL,NULL),
	(1891,22,'Carmen Del Sauce',NULL,NULL),
	(1892,22,'Carreras',NULL,NULL),
	(1893,22,'Carrizales',NULL,NULL),
	(1894,22,'Casalegno',NULL,NULL),
	(1895,22,'Casas',NULL,NULL),
	(1896,22,'Casilda',NULL,NULL),
	(1897,22,'Castelar',NULL,NULL),
	(1898,22,'Castellanos',NULL,NULL),
	(1899,22,'Cayastá',NULL,NULL),
	(1900,22,'Cayastacito',NULL,NULL),
	(1901,22,'Centeno',NULL,NULL),
	(1902,22,'Cepeda',NULL,NULL),
	(1903,22,'Ceres',NULL,NULL),
	(1904,22,'Chabás',NULL,NULL),
	(1905,22,'Chañar Ladeado',NULL,NULL),
	(1906,22,'Chapuy',NULL,NULL),
	(1907,22,'Chovet',NULL,NULL),
	(1908,22,'Christophersen',NULL,NULL),
	(1909,22,'Classon',NULL,NULL),
	(1910,22,'Cnel. Arnold',NULL,NULL),
	(1911,22,'Cnel. Bogado',NULL,NULL),
	(1912,22,'Cnel. Dominguez',NULL,NULL),
	(1913,22,'Cnel. Fraga',NULL,NULL),
	(1914,22,'Col. Aldao',NULL,NULL),
	(1915,22,'Col. Ana',NULL,NULL),
	(1916,22,'Col. Belgrano',NULL,NULL),
	(1917,22,'Col. Bicha',NULL,NULL),
	(1918,22,'Col. Bigand',NULL,NULL),
	(1919,22,'Col. Bossi',NULL,NULL),
	(1920,22,'Col. Cavour',NULL,NULL),
	(1921,22,'Col. Cello',NULL,NULL),
	(1922,22,'Col. Dolores',NULL,NULL),
	(1923,22,'Col. Dos Rosas',NULL,NULL),
	(1924,22,'Col. Durán',NULL,NULL),
	(1925,22,'Col. Iturraspe',NULL,NULL),
	(1926,22,'Col. Margarita',NULL,NULL),
	(1927,22,'Col. Mascias',NULL,NULL),
	(1928,22,'Col. Raquel',NULL,NULL),
	(1929,22,'Col. Rosa',NULL,NULL),
	(1930,22,'Col. San José',NULL,NULL),
	(1931,22,'Constanza',NULL,NULL),
	(1932,22,'Coronda',NULL,NULL),
	(1933,22,'Correa',NULL,NULL),
	(1934,22,'Crispi',NULL,NULL),
	(1935,22,'Cululú',NULL,NULL),
	(1936,22,'Curupayti',NULL,NULL),
	(1937,22,'Desvio Arijón',NULL,NULL),
	(1938,22,'Diaz',NULL,NULL),
	(1939,22,'Diego de Alvear',NULL,NULL),
	(1940,22,'Egusquiza',NULL,NULL),
	(1941,22,'El Arazá',NULL,NULL),
	(1942,22,'El Rabón',NULL,NULL),
	(1943,22,'El Sombrerito',NULL,NULL),
	(1944,22,'El Trébol',NULL,NULL),
	(1945,22,'Elisa',NULL,NULL),
	(1946,22,'Elortondo',NULL,NULL),
	(1947,22,'Emilia',NULL,NULL),
	(1948,22,'Empalme San Carlos',NULL,NULL),
	(1949,22,'Empalme Villa Constitucion',NULL,NULL),
	(1950,22,'Esmeralda',NULL,NULL),
	(1951,22,'Esperanza',NULL,NULL),
	(1952,22,'Estación Alvear',NULL,NULL),
	(1953,22,'Estacion Clucellas',NULL,NULL),
	(1954,22,'Esteban Rams',NULL,NULL),
	(1955,22,'Esther',NULL,NULL),
	(1956,22,'Esustolia',NULL,NULL),
	(1957,22,'Eusebia',NULL,NULL),
	(1958,22,'Felicia',NULL,NULL),
	(1959,22,'Fidela',NULL,NULL),
	(1960,22,'Fighiera',NULL,NULL),
	(1961,22,'Firmat',NULL,NULL),
	(1962,22,'Florencia',NULL,NULL),
	(1963,22,'Fortín Olmos',NULL,NULL),
	(1964,22,'Franck',NULL,NULL),
	(1965,22,'Fray Luis Beltrán',NULL,NULL),
	(1966,22,'Frontera',NULL,NULL),
	(1967,22,'Fuentes',NULL,NULL),
	(1968,22,'Funes',NULL,NULL),
	(1969,22,'Gaboto',NULL,NULL),
	(1970,22,'Galisteo',NULL,NULL),
	(1971,22,'Gálvez',NULL,NULL),
	(1972,22,'Garabalto',NULL,NULL),
	(1973,22,'Garibaldi',NULL,NULL),
	(1974,22,'Gato Colorado',NULL,NULL),
	(1975,22,'Gdor. Crespo',NULL,NULL),
	(1976,22,'Gessler',NULL,NULL),
	(1977,22,'Godoy',NULL,NULL),
	(1978,22,'Golondrina',NULL,NULL),
	(1979,22,'Gral. Gelly',NULL,NULL),
	(1980,22,'Gral. Lagos',NULL,NULL),
	(1981,22,'Granadero Baigorria',NULL,NULL),
	(1982,22,'Gregoria Perez De Denis',NULL,NULL),
	(1983,22,'Grutly',NULL,NULL),
	(1984,22,'Guadalupe N.',NULL,NULL),
	(1985,22,'Gödeken',NULL,NULL),
	(1986,22,'Helvecia',NULL,NULL),
	(1987,22,'Hersilia',NULL,NULL),
	(1988,22,'Hipatía',NULL,NULL),
	(1989,22,'Huanqueros',NULL,NULL),
	(1990,22,'Hugentobler',NULL,NULL),
	(1991,22,'Hughes',NULL,NULL),
	(1992,22,'Humberto 1º',NULL,NULL),
	(1993,22,'Humboldt',NULL,NULL),
	(1994,22,'Ibarlucea',NULL,NULL),
	(1995,22,'Ing. Chanourdie',NULL,NULL),
	(1996,22,'Intiyaco',NULL,NULL),
	(1997,22,'Ituzaingó',NULL,NULL),
	(1998,22,'Jacinto L. Aráuz',NULL,NULL),
	(1999,22,'Josefina',NULL,NULL),
	(2000,22,'Juan B. Molina',NULL,NULL),
	(2001,22,'Juan de Garay',NULL,NULL),
	(2002,22,'Juncal',NULL,NULL),
	(2003,22,'La Brava',NULL,NULL),
	(2004,22,'La Cabral',NULL,NULL),
	(2005,22,'La Camila',NULL,NULL),
	(2006,22,'La Chispa',NULL,NULL),
	(2007,22,'La Clara',NULL,NULL),
	(2008,22,'La Criolla',NULL,NULL),
	(2009,22,'La Gallareta',NULL,NULL),
	(2010,22,'La Lucila',NULL,NULL),
	(2011,22,'La Pelada',NULL,NULL),
	(2012,22,'La Penca',NULL,NULL),
	(2013,22,'La Rubia',NULL,NULL),
	(2014,22,'La Sarita',NULL,NULL),
	(2015,22,'La Vanguardia',NULL,NULL),
	(2016,22,'Labordeboy',NULL,NULL),
	(2017,22,'Laguna Paiva',NULL,NULL),
	(2018,22,'Landeta',NULL,NULL),
	(2019,22,'Lanteri',NULL,NULL),
	(2020,22,'Larrechea',NULL,NULL),
	(2021,22,'Las Avispas',NULL,NULL),
	(2022,22,'Las Bandurrias',NULL,NULL),
	(2023,22,'Las Garzas',NULL,NULL),
	(2024,22,'Las Palmeras',NULL,NULL),
	(2025,22,'Las Parejas',NULL,NULL),
	(2026,22,'Las Petacas',NULL,NULL),
	(2027,22,'Las Rosas',NULL,NULL),
	(2028,22,'Las Toscas',NULL,NULL),
	(2029,22,'Las Tunas',NULL,NULL),
	(2030,22,'Lazzarino',NULL,NULL),
	(2031,22,'Lehmann',NULL,NULL),
	(2032,22,'Llambi Campbell',NULL,NULL),
	(2033,22,'Logroño',NULL,NULL),
	(2034,22,'Loma Alta',NULL,NULL),
	(2035,22,'López',NULL,NULL),
	(2036,22,'Los Amores',NULL,NULL),
	(2037,22,'Los Cardos',NULL,NULL),
	(2038,22,'Los Laureles',NULL,NULL),
	(2039,22,'Los Molinos',NULL,NULL),
	(2040,22,'Los Quirquinchos',NULL,NULL),
	(2041,22,'Lucio V. Lopez',NULL,NULL),
	(2042,22,'Luis Palacios',NULL,NULL),
	(2043,22,'Ma. Juana',NULL,NULL),
	(2044,22,'Ma. Luisa',NULL,NULL),
	(2045,22,'Ma. Susana',NULL,NULL),
	(2046,22,'Ma. Teresa',NULL,NULL),
	(2047,22,'Maciel',NULL,NULL),
	(2048,22,'Maggiolo',NULL,NULL),
	(2049,22,'Malabrigo',NULL,NULL),
	(2050,22,'Marcelino Escalada',NULL,NULL),
	(2051,22,'Margarita',NULL,NULL),
	(2052,22,'Matilde',NULL,NULL),
	(2053,22,'Mauá',NULL,NULL),
	(2054,22,'Máximo Paz',NULL,NULL),
	(2055,22,'Melincué',NULL,NULL),
	(2056,22,'Miguel Torres',NULL,NULL),
	(2057,22,'Moisés Ville',NULL,NULL),
	(2058,22,'Monigotes',NULL,NULL),
	(2059,22,'Monje',NULL,NULL),
	(2060,22,'Monte Obscuridad',NULL,NULL),
	(2061,22,'Monte Vera',NULL,NULL),
	(2062,22,'Montefiore',NULL,NULL),
	(2063,22,'Montes de Oca',NULL,NULL),
	(2064,22,'Murphy',NULL,NULL),
	(2065,22,'Ñanducita',NULL,NULL),
	(2066,22,'Naré',NULL,NULL),
	(2067,22,'Nelson',NULL,NULL),
	(2068,22,'Nicanor E. Molinas',NULL,NULL),
	(2069,22,'Nuevo Torino',NULL,NULL),
	(2070,22,'Oliveros',NULL,NULL),
	(2071,22,'Palacios',NULL,NULL),
	(2072,22,'Pavón',NULL,NULL),
	(2073,22,'Pavón Arriba',NULL,NULL);

/*!40000 ALTER TABLE `localidad` ENABLE KEYS */;
UNLOCK TABLES;


# Volcado de tabla log_acceso_denegado
# ------------------------------------------------------------

DROP TABLE IF EXISTS `log_acceso_denegado`;

CREATE TABLE `log_acceso_denegado` (
  `id` int(11) NOT NULL AUTO_INCREMENT,
  `usuario_id` int(11) NOT NULL,
  `username` varchar(50) COLLATE utf8_unicode_ci NOT NULL,
  `route` varchar(100) COLLATE utf8_unicode_ci NOT NULL,
  `route_name` varchar(100) COLLATE utf8_unicode_ci NOT NULL,
  `extra_info` longtext COLLATE utf8_unicode_ci NOT NULL COMMENT '(DC2Type:json_array)',
  `fecha` datetime NOT NULL,
  PRIMARY KEY (`id`),
  KEY `IDX_6A30301DDB38439E` (`usuario_id`),
  CONSTRAINT `FK_6A30301DDB38439E` FOREIGN KEY (`usuario_id`) REFERENCES `fos_user` (`id`)
) ENGINE=InnoDB DEFAULT CHARSET=utf8 COLLATE=utf8_unicode_ci;

LOCK TABLES `log_acceso_denegado` WRITE;
/*!40000 ALTER TABLE `log_acceso_denegado` DISABLE KEYS */;

INSERT INTO `log_acceso_denegado` (`id`, `usuario_id`, `username`, `route`, `route_name`, `extra_info`, `fecha`)
VALUES
	(2,7,'test','/logs/acceso_denegado','log_acceso_denegado','{\"roles\":\"ROLE_USUARIO_BASE,ROLE_USER\"}','2017-07-01 12:43:38'),
	(3,7,'test','/novedades/nueva/equipo/2','novedad_nueva','{\"roles\":\"ROLE_USUARIO_BASE,ROLE_USER\"}','2017-07-12 11:08:15'),
	(4,7,'test','/novedades/nueva/equipo/2','novedad_nueva','{\"roles\":\"ROLE_USUARIO_BASE,ROLE_USER\"}','2017-07-12 12:12:11');

/*!40000 ALTER TABLE `log_acceso_denegado` ENABLE KEYS */;
UNLOCK TABLES;


# Volcado de tabla log_authentication
# ------------------------------------------------------------

DROP TABLE IF EXISTS `log_authentication`;

CREATE TABLE `log_authentication` (
  `id` int(11) NOT NULL AUTO_INCREMENT,
  `usuario_id` int(11) NOT NULL,
  `username` varchar(50) COLLATE utf8_unicode_ci NOT NULL,
  `ip` varchar(50) COLLATE utf8_unicode_ci NOT NULL,
  `user_agent` varchar(255) COLLATE utf8_unicode_ci NOT NULL,
  `fecha` datetime NOT NULL,
  PRIMARY KEY (`id`),
  KEY `IDX_18E8F8ABDB38439E` (`usuario_id`),
  CONSTRAINT `FK_18E8F8ABDB38439E` FOREIGN KEY (`usuario_id`) REFERENCES `fos_user` (`id`)
) ENGINE=InnoDB DEFAULT CHARSET=utf8 COLLATE=utf8_unicode_ci;

LOCK TABLES `log_authentication` WRITE;
/*!40000 ALTER TABLE `log_authentication` DISABLE KEYS */;

INSERT INTO `log_authentication` (`id`, `usuario_id`, `username`, `ip`, `user_agent`, `fecha`)
VALUES
	(226,1,'santiago.semhan','190.7.28.74','Mozilla/5.0 (Windows NT 10.0; Win64; x64) AppleWebKit/537.36 (KHTML, like Gecko) Chrome/59.0.3071.115 Safari/537.36','2017-08-01 07:35:01'),
	(227,3,'pablo.abuin','201.177.145.51','Mozilla/5.0 (Windows NT 6.1; WOW64; rv:54.0) Gecko/20100101 Firefox/54.0','2017-08-01 09:23:57'),
	(228,1,'santiago.semhan','181.15.193.10','Mozilla/5.0 (Macintosh; Intel Mac OS X 10_12_5) AppleWebKit/537.36 (KHTML, like Gecko) Chrome/59.0.3071.115 Safari/537.36','2017-08-01 11:03:00'),
	(229,1,'santiago.semhan','190.7.28.74','Mozilla/5.0 (Windows NT 10.0; Win64; x64) AppleWebKit/537.36 (KHTML, like Gecko) Chrome/59.0.3071.115 Safari/537.36','2017-08-02 07:45:57'),
	(230,3,'pablo.abuin','201.177.145.51','Mozilla/5.0 (Windows NT 6.1; WOW64; rv:54.0) Gecko/20100101 Firefox/54.0','2017-08-02 08:16:07'),
	(231,3,'pablo.abuin','179.36.9.95','Mozilla/5.0 (Windows NT 6.1; WOW64; rv:54.0) Gecko/20100101 Firefox/54.0','2017-08-02 14:59:31'),
	(232,1,'santiago.semhan','190.247.77.161','Mozilla/5.0 (iPad; CPU OS 10_3_2 like Mac OS X) AppleWebKit/603.2.4 (KHTML, like Gecko) Version/10.0 Mobile/14F90 Safari/602.1','2017-08-02 18:48:30'),
	(233,3,'pablo.abuin','201.177.145.51','Mozilla/5.0 (Windows NT 6.1; WOW64; rv:54.0) Gecko/20100101 Firefox/54.0','2017-08-03 08:13:13'),
	(234,1,'santiago.semhan','181.15.193.10','Mozilla/5.0 (Macintosh; Intel Mac OS X 10_12_5) AppleWebKit/537.36 (KHTML, like Gecko) Chrome/59.0.3071.115 Safari/537.36','2017-08-03 14:22:35'),
	(235,1,'santiago.semhan','190.247.77.161','Mozilla/5.0 (iPad; CPU OS 10_3_2 like Mac OS X) AppleWebKit/603.2.4 (KHTML, like Gecko) Version/10.0 Mobile/14F90 Safari/602.1','2017-08-03 17:12:48'),
	(236,1,'santiago.semhan','190.7.28.74','Mozilla/5.0 (Windows NT 10.0; Win64; x64) AppleWebKit/537.36 (KHTML, like Gecko) Chrome/59.0.3071.115 Safari/537.36','2017-08-04 07:51:48'),
	(237,1,'santiago.semhan','181.15.193.10','Mozilla/5.0 (Macintosh; Intel Mac OS X 10_12_5) AppleWebKit/537.36 (KHTML, like Gecko) Chrome/59.0.3071.115 Safari/537.36','2017-08-04 08:27:38'),
	(238,5,'isaac.julian','200.5.98.126','Mozilla/5.0 (Windows NT 6.1; WOW64; Trident/7.0; rv:11.0) like Gecko','2017-08-04 08:39:13'),
	(239,5,'isaac.julian','200.5.98.126','Mozilla/5.0 (Windows NT 6.1; WOW64; Trident/7.0; rv:11.0) like Gecko','2017-08-04 08:39:15'),
	(240,3,'pablo.abuin','179.36.40.246','Mozilla/5.0 (Windows NT 6.1; WOW64; rv:54.0) Gecko/20100101 Firefox/54.0','2017-08-04 12:36:05'),
	(241,2,'oscar.pirelli','190.8.62.104','Mozilla/5.0 (X11; Linux x86_64) AppleWebKit/537.36 (KHTML, like Gecko) Ubuntu Chromium/59.0.3071.109 Chrome/59.0.3071.109 Safari/537.36','2017-08-04 14:04:48'),
	(242,2,'oscar.pirelli','190.8.62.104','Mozilla/5.0 (X11; Linux x86_64) AppleWebKit/537.36 (KHTML, like Gecko) Ubuntu Chromium/59.0.3071.109 Chrome/59.0.3071.109 Safari/537.36','2017-08-04 20:10:48'),
	(243,2,'oscar.pirelli','190.8.62.104','Mozilla/5.0 (X11; Linux x86_64) AppleWebKit/537.36 (KHTML, like Gecko) Ubuntu Chromium/59.0.3071.109 Chrome/59.0.3071.109 Safari/537.36','2017-08-04 20:11:26'),
	(244,2,'oscar.pirelli','190.8.62.104','Mozilla/5.0 (X11; Linux x86_64) AppleWebKit/537.36 (KHTML, like Gecko) Ubuntu Chromium/59.0.3071.109 Chrome/59.0.3071.109 Safari/537.36','2017-08-04 20:12:19'),
	(245,1,'santiago.semhan','181.9.180.131','Mozilla/5.0 (iPhone; CPU iPhone OS 10_3_3 like Mac OS X) AppleWebKit/603.3.8 (KHTML, like Gecko) Version/10.0 Mobile/14G60 Safari/602.1','2017-08-04 21:44:04'),
	(246,2,'oscar.pirelli','190.8.62.104','Mozilla/5.0 (X11; Linux x86_64) AppleWebKit/537.36 (KHTML, like Gecko) Ubuntu Chromium/59.0.3071.109 Chrome/59.0.3071.109 Safari/537.36','2017-08-05 08:45:56'),
	(247,1,'santiago.semhan','190.247.77.161','Mozilla/5.0 (iPad; CPU OS 10_3_2 like Mac OS X) AppleWebKit/603.2.4 (KHTML, like Gecko) Version/10.0 Mobile/14F90 Safari/602.1','2017-08-05 10:18:34'),
	(248,1,'santiago.semhan','190.247.77.161','Mozilla/5.0 (Macintosh; Intel Mac OS X 10_12_5) AppleWebKit/537.36 (KHTML, like Gecko) Chrome/60.0.3112.90 Safari/537.36','2017-08-05 11:02:18'),
	(249,1,'santiago.semhan','181.9.180.131','Mozilla/5.0 (iPhone; CPU iPhone OS 10_3_3 like Mac OS X) AppleWebKit/603.3.8 (KHTML, like Gecko) Version/10.0 Mobile/14G60 Safari/602.1','2017-08-05 17:17:17'),
	(250,2,'oscar.pirelli','190.8.62.104','Mozilla/5.0 (X11; Linux x86_64) AppleWebKit/537.36 (KHTML, like Gecko) Ubuntu Chromium/59.0.3071.109 Chrome/59.0.3071.109 Safari/537.36','2017-08-06 00:59:34'),
	(251,2,'oscar.pirelli','190.8.62.104','Mozilla/5.0 (X11; Linux x86_64) AppleWebKit/537.36 (KHTML, like Gecko) Ubuntu Chromium/59.0.3071.109 Chrome/59.0.3071.109 Safari/537.36','2017-08-06 09:10:53'),
	(252,1,'santiago.semhan','190.247.77.161','Mozilla/5.0 (iPad; CPU OS 10_3_2 like Mac OS X) AppleWebKit/603.2.4 (KHTML, like Gecko) Version/10.0 Mobile/14F90 Safari/602.1','2017-08-06 12:24:03'),
	(253,1,'santiago.semhan','190.7.28.74','Mozilla/5.0 (Windows NT 10.0; Win64; x64) AppleWebKit/537.36 (KHTML, like Gecko) Chrome/59.0.3071.115 Safari/537.36','2017-08-07 07:38:05'),
	(254,2,'oscar.pirelli','190.8.62.104','Mozilla/5.0 (X11; Linux x86_64) AppleWebKit/537.36 (KHTML, like Gecko) Ubuntu Chromium/59.0.3071.109 Chrome/59.0.3071.109 Safari/537.36','2017-08-07 08:09:56'),
	(255,3,'pablo.abuin','201.177.133.248','Mozilla/5.0 (Windows NT 6.1; WOW64; rv:54.0) Gecko/20100101 Firefox/54.0','2017-08-07 09:27:30'),
	(256,1,'santiago.semhan','181.15.193.10','Mozilla/5.0 (Macintosh; Intel Mac OS X 10_12_5) AppleWebKit/537.36 (KHTML, like Gecko) Chrome/60.0.3112.90 Safari/537.36','2017-08-07 10:48:08'),
	(257,2,'oscar.pirelli','190.8.62.104','Mozilla/5.0 (X11; Linux x86_64) AppleWebKit/537.36 (KHTML, like Gecko) Ubuntu Chromium/59.0.3071.109 Chrome/59.0.3071.109 Safari/537.36','2017-08-07 15:06:41'),
	(258,1,'santiago.semhan','190.247.77.161','Mozilla/5.0 (iPhone; CPU iPhone OS 10_3_3 like Mac OS X) AppleWebKit/603.3.8 (KHTML, like Gecko) Version/10.0 Mobile/14G60 Safari/602.1','2017-08-07 15:46:17'),
	(259,1,'santiago.semhan','190.247.77.161','Mozilla/5.0 (iPad; CPU OS 10_3_3 like Mac OS X) AppleWebKit/603.3.8 (KHTML, like Gecko) Version/10.0 Mobile/14G60 Safari/602.1','2017-08-07 19:47:38'),
	(260,1,'santiago.semhan','190.247.77.161','Mozilla/5.0 (iPhone; CPU iPhone OS 10_3_3 like Mac OS X) AppleWebKit/603.3.8 (KHTML, like Gecko) Version/10.0 Mobile/14G60 Safari/602.1','2017-08-07 22:39:04'),
	(261,1,'santiago.semhan','190.247.77.161','Mozilla/5.0 (iPhone; CPU iPhone OS 10_3_3 like Mac OS X) AppleWebKit/603.3.8 (KHTML, like Gecko) Version/10.0 Mobile/14G60 Safari/602.1','2017-08-08 06:53:49'),
	(262,1,'santiago.semhan','190.7.28.74','Mozilla/5.0 (Windows NT 10.0; Win64; x64) AppleWebKit/537.36 (KHTML, like Gecko) Chrome/60.0.3112.90 Safari/537.36','2017-08-08 07:55:31'),
	(263,3,'pablo.abuin','201.177.133.248','Mozilla/5.0 (Windows NT 6.1; WOW64; rv:54.0) Gecko/20100101 Firefox/54.0','2017-08-08 08:02:52'),
	(264,2,'oscar.pirelli','181.209.71.242','Mozilla/5.0 (X11; Linux x86_64) AppleWebKit/537.36 (KHTML, like Gecko) Ubuntu Chromium/59.0.3071.109 Chrome/59.0.3071.109 Safari/537.36','2017-08-08 09:09:57'),
	(265,1,'santiago.semhan','181.15.193.10','Mozilla/5.0 (Macintosh; Intel Mac OS X 10_12_5) AppleWebKit/537.36 (KHTML, like Gecko) Chrome/60.0.3112.90 Safari/537.36','2017-08-08 11:52:53'),
	(266,1,'santiago.semhan','190.247.77.161','Mozilla/5.0 (iPad; CPU OS 10_3_3 like Mac OS X) AppleWebKit/603.3.8 (KHTML, like Gecko) Version/10.0 Mobile/14G60 Safari/602.1','2017-08-08 15:55:42'),
	(267,2,'oscar.pirelli','190.8.62.104','Mozilla/5.0 (X11; Linux x86_64) AppleWebKit/537.36 (KHTML, like Gecko) Ubuntu Chromium/59.0.3071.109 Chrome/59.0.3071.109 Safari/537.36','2017-08-08 16:53:29'),
	(268,1,'santiago.semhan','190.247.77.161','Mozilla/5.0 (Macintosh; Intel Mac OS X 10_12_5) AppleWebKit/537.36 (KHTML, like Gecko) Chrome/60.0.3112.90 Safari/537.36','2017-08-08 18:25:43'),
	(269,2,'oscar.pirelli','190.8.62.104','Mozilla/5.0 (X11; Linux x86_64) AppleWebKit/537.36 (KHTML, like Gecko) Ubuntu Chromium/59.0.3071.109 Chrome/59.0.3071.109 Safari/537.36','2017-08-08 23:36:32'),
	(270,1,'santiago.semhan','181.15.193.10','Mozilla/5.0 (Macintosh; Intel Mac OS X 10_12_5) AppleWebKit/537.36 (KHTML, like Gecko) Chrome/60.0.3112.90 Safari/537.36','2017-08-09 07:38:07'),
	(271,3,'pablo.abuin','201.177.133.248','Mozilla/5.0 (Windows NT 6.1; WOW64; rv:54.0) Gecko/20100101 Firefox/54.0','2017-08-09 09:14:15'),
	(272,3,'pablo.abuin','200.24.255.104','Mozilla/5.0 (Windows NT 6.1; Win64; x64) AppleWebKit/537.36 (KHTML, like Gecko) Chrome/51.0.2704.106 Safari/537.36','2017-08-09 09:58:39'),
	(273,3,'pablo.abuin','170.51.28.239','Mozilla/5.0 (Linux; Android 6.0.1; D6643 Build/23.5.A.1.291) AppleWebKit/537.36 (KHTML, like Gecko) Chrome/59.0.3071.125 Mobile Safari/537.36','2017-08-09 10:06:16'),
	(274,3,'pablo.abuin','170.51.28.239','Mozilla/5.0 (Linux; Android 6.0.1; D6643 Build/23.5.A.1.291) AppleWebKit/537.36 (KHTML, like Gecko) Chrome/59.0.3071.125 Mobile Safari/537.36','2017-08-09 10:07:23'),
	(275,2,'oscar.pirelli','190.8.62.104','Mozilla/5.0 (X11; Linux x86_64) AppleWebKit/537.36 (KHTML, like Gecko) Ubuntu Chromium/59.0.3071.109 Chrome/59.0.3071.109 Safari/537.36','2017-08-09 13:55:28'),
	(276,1,'santiago.semhan','181.15.193.10','Mozilla/5.0 (Macintosh; Intel Mac OS X 10_12_5) AppleWebKit/537.36 (KHTML, like Gecko) Chrome/60.0.3112.90 Safari/537.36','2017-08-09 14:57:37'),
	(277,1,'santiago.semhan','190.247.77.161','Mozilla/5.0 (iPhone; CPU iPhone OS 10_3_3 like Mac OS X) AppleWebKit/603.3.8 (KHTML, like Gecko) Version/10.0 Mobile/14G60 Safari/602.1','2017-08-09 17:15:06'),
	(278,1,'santiago.semhan','190.247.77.161','Mozilla/5.0 (iPad; CPU OS 10_3_3 like Mac OS X) AppleWebKit/603.3.8 (KHTML, like Gecko) Version/10.0 Mobile/14G60 Safari/602.1','2017-08-09 18:26:51'),
	(279,1,'santiago.semhan','190.247.77.161','Mozilla/5.0 (Macintosh; Intel Mac OS X 10_12_5) AppleWebKit/537.36 (KHTML, like Gecko) Chrome/60.0.3112.90 Safari/537.36','2017-08-09 19:22:30'),
	(280,1,'santiago.semhan','181.15.193.10','Mozilla/5.0 (Macintosh; Intel Mac OS X 10_12_5) AppleWebKit/537.36 (KHTML, like Gecko) Chrome/60.0.3112.90 Safari/537.36','2017-08-10 07:13:56'),
	(281,3,'pablo.abuin','201.177.133.248','Mozilla/5.0 (Windows NT 6.1; WOW64; rv:54.0) Gecko/20100101 Firefox/54.0','2017-08-10 07:50:53'),
	(282,3,'pablo.abuin','201.177.133.248','Mozilla/5.0 (Windows NT 6.1; WOW64; rv:54.0) Gecko/20100101 Firefox/54.0','2017-08-10 07:52:06'),
	(283,3,'pablo.abuin','201.177.166.22','Mozilla/5.0 (Windows NT 6.1; WOW64; rv:54.0) Gecko/20100101 Firefox/54.0','2017-08-10 15:03:52'),
	(284,2,'oscar.pirelli','190.8.62.104','Mozilla/5.0 (X11; Linux x86_64) AppleWebKit/537.36 (KHTML, like Gecko) Ubuntu Chromium/59.0.3071.109 Chrome/59.0.3071.109 Safari/537.36','2017-08-11 07:42:26'),
	(285,1,'santiago.semhan','181.15.193.10','Mozilla/5.0 (Macintosh; Intel Mac OS X 10_12_5) AppleWebKit/537.36 (KHTML, like Gecko) Chrome/60.0.3112.90 Safari/537.36','2017-08-11 09:26:57'),
	(286,2,'oscar.pirelli','190.8.62.104','Mozilla/5.0 (X11; Linux x86_64) AppleWebKit/537.36 (KHTML, like Gecko) Ubuntu Chromium/59.0.3071.109 Chrome/59.0.3071.109 Safari/537.36','2017-08-11 14:44:39'),
	(287,1,'santiago.semhan','190.247.77.161','Mozilla/5.0 (iPhone; CPU iPhone OS 10_3_3 like Mac OS X) AppleWebKit/603.3.8 (KHTML, like Gecko) Version/10.0 Mobile/14G60 Safari/602.1','2017-08-11 15:53:45'),
	(288,2,'oscar.pirelli','190.8.62.104','Mozilla/5.0 (X11; Linux x86_64) AppleWebKit/537.36 (KHTML, like Gecko) Chrome/60.0.3112.90 Safari/537.36','2017-08-12 09:24:39'),
	(289,2,'oscar.pirelli','190.8.62.104','Mozilla/5.0 (X11; Linux x86_64) AppleWebKit/537.36 (KHTML, like Gecko) Chrome/60.0.3112.90 Safari/537.36','2017-08-12 13:07:48'),
	(290,2,'oscar.pirelli','190.8.62.104','Mozilla/5.0 (X11; Linux x86_64) AppleWebKit/537.36 (KHTML, like Gecko) Chrome/60.0.3112.90 Safari/537.36','2017-08-13 10:42:58'),
	(291,2,'oscar.pirelli','190.8.62.104','Mozilla/5.0 (X11; Linux x86_64) AppleWebKit/537.36 (KHTML, like Gecko) Chrome/60.0.3112.90 Safari/537.36','2017-08-13 11:11:20'),
	(292,1,'santiago.semhan','190.247.77.161','Mozilla/5.0 (iPad; CPU OS 10_3_3 like Mac OS X) AppleWebKit/603.3.8 (KHTML, like Gecko) Version/10.0 Mobile/14G60 Safari/602.1','2017-08-13 16:12:08'),
	(293,1,'santiago.semhan','190.7.28.74','Mozilla/5.0 (Windows NT 10.0; Win64; x64) AppleWebKit/537.36 (KHTML, like Gecko) Chrome/60.0.3112.90 Safari/537.36','2017-08-14 07:16:01'),
	(294,2,'oscar.pirelli','190.8.62.104','Mozilla/5.0 (X11; Linux x86_64) AppleWebKit/537.36 (KHTML, like Gecko) Chrome/60.0.3112.90 Safari/537.36','2017-08-14 08:15:42'),
	(295,1,'santiago.semhan','181.15.193.10','Mozilla/5.0 (Macintosh; Intel Mac OS X 10_12_5) AppleWebKit/537.36 (KHTML, like Gecko) Chrome/60.0.3112.90 Safari/537.36','2017-08-14 08:53:35'),
	(296,2,'oscar.pirelli','190.8.62.104','Mozilla/5.0 (X11; Linux x86_64) AppleWebKit/537.36 (KHTML, like Gecko) Chrome/60.0.3112.90 Safari/537.36','2017-08-14 09:58:22'),
	(297,3,'pablo.abuin','179.36.57.234','Mozilla/5.0 (Windows NT 6.1; WOW64; rv:54.0) Gecko/20100101 Firefox/54.0','2017-08-14 13:16:56'),
	(298,2,'oscar.pirelli','190.8.62.104','Mozilla/5.0 (X11; Linux x86_64) AppleWebKit/537.36 (KHTML, like Gecko) Chrome/60.0.3112.90 Safari/537.36','2017-08-14 17:09:55'),
	(299,1,'santiago.semhan','190.247.77.161','Mozilla/5.0 (iPhone; CPU iPhone OS 10_3_3 like Mac OS X) AppleWebKit/603.3.8 (KHTML, like Gecko) Version/10.0 Mobile/14G60 Safari/602.1','2017-08-14 17:38:26'),
	(300,1,'santiago.semhan','190.247.77.161','Mozilla/5.0 (iPad; CPU OS 10_3_3 like Mac OS X) AppleWebKit/603.3.8 (KHTML, like Gecko) Version/10.0 Mobile/14G60 Safari/602.1','2017-08-14 19:11:48'),
	(301,2,'oscar.pirelli','190.8.62.104','Mozilla/5.0 (X11; Linux x86_64) AppleWebKit/537.36 (KHTML, like Gecko) Chrome/60.0.3112.90 Safari/537.36','2017-08-15 00:44:19'),
	(302,2,'oscar.pirelli','190.8.62.104','Mozilla/5.0 (X11; Linux x86_64) AppleWebKit/537.36 (KHTML, like Gecko) Chrome/60.0.3112.90 Safari/537.36','2017-08-15 08:02:04'),
	(303,1,'santiago.semhan','181.15.193.10','Mozilla/5.0 (Macintosh; Intel Mac OS X 10_12_5) AppleWebKit/537.36 (KHTML, like Gecko) Chrome/60.0.3112.90 Safari/537.36','2017-08-15 08:09:11'),
	(304,3,'pablo.abuin','179.36.0.9','Mozilla/5.0 (Windows NT 6.1; WOW64; rv:54.0) Gecko/20100101 Firefox/54.0','2017-08-15 11:16:19'),
	(305,3,'pablo.abuin','179.36.36.197','Mozilla/5.0 (Windows NT 6.1; WOW64; rv:54.0) Gecko/20100101 Firefox/54.0','2017-08-16 08:11:14'),
	(306,2,'oscar.pirelli','190.8.62.104','Mozilla/5.0 (X11; Linux x86_64) AppleWebKit/537.36 (KHTML, like Gecko) Chrome/60.0.3112.90 Safari/537.36','2017-08-16 08:59:18'),
	(307,2,'oscar.pirelli','190.8.62.104','Mozilla/5.0 (X11; Linux x86_64) AppleWebKit/537.36 (KHTML, like Gecko) Chrome/60.0.3112.90 Safari/537.36','2017-08-16 18:26:08'),
	(308,1,'santiago.semhan','181.15.193.10','Mozilla/5.0 (Macintosh; Intel Mac OS X 10_12_5) AppleWebKit/537.36 (KHTML, like Gecko) Chrome/60.0.3112.90 Safari/537.36','2017-08-17 07:40:06'),
	(309,2,'oscar.pirelli','190.8.62.104','Mozilla/5.0 (X11; Linux x86_64) AppleWebKit/537.36 (KHTML, like Gecko) Chrome/60.0.3112.90 Safari/537.36','2017-08-17 08:11:14'),
	(310,2,'oscar.pirelli','190.8.62.104','Mozilla/5.0 (X11; Linux x86_64) AppleWebKit/537.36 (KHTML, like Gecko) Chrome/60.0.3112.90 Safari/537.36','2017-08-17 11:48:25'),
	(311,1,'santiago.semhan','181.15.193.10','Mozilla/5.0 (Macintosh; Intel Mac OS X 10_12_5) AppleWebKit/537.36 (KHTML, like Gecko) Chrome/60.0.3112.90 Safari/537.36','2017-08-17 13:56:34'),
	(312,2,'oscar.pirelli','190.8.62.104','Mozilla/5.0 (X11; Linux x86_64) AppleWebKit/537.36 (KHTML, like Gecko) Chrome/60.0.3112.90 Safari/537.36','2017-08-18 08:15:16'),
	(313,1,'santiago.semhan','181.15.193.10','Mozilla/5.0 (Macintosh; Intel Mac OS X 10_12_5) AppleWebKit/537.36 (KHTML, like Gecko) Chrome/60.0.3112.90 Safari/537.36','2017-08-18 09:00:29'),
	(314,2,'oscar.pirelli','190.8.62.104','Mozilla/5.0 (X11; Linux x86_64) AppleWebKit/537.36 (KHTML, like Gecko) Chrome/60.0.3112.90 Safari/537.36','2017-08-18 14:33:08'),
	(315,1,'santiago.semhan','190.247.77.161','Mozilla/5.0 (Macintosh; Intel Mac OS X 10_12_5) AppleWebKit/537.36 (KHTML, like Gecko) Chrome/60.0.3112.101 Safari/537.36','2017-08-19 11:10:38'),
	(316,2,'oscar.pirelli','190.8.62.104','Mozilla/5.0 (X11; Linux x86_64) AppleWebKit/537.36 (KHTML, like Gecko) Chrome/60.0.3112.90 Safari/537.36','2017-08-21 00:36:37'),
	(317,2,'oscar.pirelli','190.8.62.104','Mozilla/5.0 (X11; Linux x86_64) AppleWebKit/537.36 (KHTML, like Gecko) Chrome/60.0.3112.90 Safari/537.36','2017-08-21 08:50:03'),
	(318,1,'santiago.semhan','190.247.77.161','Mozilla/5.0 (Macintosh; Intel Mac OS X 10_12_5) AppleWebKit/537.36 (KHTML, like Gecko) Chrome/60.0.3112.101 Safari/537.36','2017-08-21 14:11:32'),
	(319,2,'oscar.pirelli','190.8.62.104','Mozilla/5.0 (X11; Linux x86_64) AppleWebKit/537.36 (KHTML, like Gecko) Chrome/60.0.3112.90 Safari/537.36','2017-08-21 14:53:53'),
	(320,2,'oscar.pirelli','190.8.62.104','Mozilla/5.0 (X11; Linux x86_64) AppleWebKit/537.36 (KHTML, like Gecko) Chrome/60.0.3112.90 Safari/537.36','2017-08-21 14:54:09'),
	(321,1,'santiago.semhan','190.247.77.161','Mozilla/5.0 (Macintosh; Intel Mac OS X 10_12_5) AppleWebKit/537.36 (KHTML, like Gecko) Chrome/60.0.3112.101 Safari/537.36','2017-08-21 20:33:25'),
	(322,2,'oscar.pirelli','190.8.62.104','Mozilla/5.0 (X11; Linux x86_64) AppleWebKit/537.36 (KHTML, like Gecko) Chrome/60.0.3112.90 Safari/537.36','2017-08-21 21:31:54'),
	(323,2,'oscar.pirelli','190.8.62.104','Mozilla/5.0 (X11; Linux x86_64) AppleWebKit/537.36 (KHTML, like Gecko) Chrome/60.0.3112.90 Safari/537.36','2017-08-22 08:27:01'),
	(324,2,'oscar.pirelli','190.8.62.104','Mozilla/5.0 (X11; Linux x86_64) AppleWebKit/537.36 (KHTML, like Gecko) Chrome/60.0.3112.101 Safari/537.36','2017-08-22 16:31:21'),
	(325,1,'santiago.semhan','190.247.77.161','Mozilla/5.0 (Macintosh; Intel Mac OS X 10_12_5) AppleWebKit/537.36 (KHTML, like Gecko) Chrome/60.0.3112.101 Safari/537.36','2017-08-22 18:46:01'),
	(326,2,'oscar.pirelli','190.8.62.104','Mozilla/5.0 (X11; Linux x86_64) AppleWebKit/537.36 (KHTML, like Gecko) Chrome/60.0.3112.101 Safari/537.36','2017-08-23 08:21:00'),
	(327,1,'santiago.semhan','181.15.193.10','Mozilla/5.0 (Macintosh; Intel Mac OS X 10_12_5) AppleWebKit/537.36 (KHTML, like Gecko) Chrome/60.0.3112.101 Safari/537.36','2017-08-23 09:03:20'),
	(328,2,'oscar.pirelli','190.8.62.104','Mozilla/5.0 (X11; Linux x86_64) AppleWebKit/537.36 (KHTML, like Gecko) Chrome/60.0.3112.101 Safari/537.36','2017-08-23 16:23:57'),
	(329,1,'santiago.semhan','190.247.77.161','Mozilla/5.0 (iPad; CPU OS 10_3_3 like Mac OS X) AppleWebKit/603.3.8 (KHTML, like Gecko) Version/10.0 Mobile/14G60 Safari/602.1','2017-08-23 16:35:23'),
	(330,1,'santiago.semhan','190.247.77.161','Mozilla/5.0 (Macintosh; Intel Mac OS X 10_12_5) AppleWebKit/537.36 (KHTML, like Gecko) Chrome/60.0.3112.101 Safari/537.36','2017-08-23 16:45:52'),
	(331,1,'santiago.semhan','181.9.180.158','Mozilla/5.0 (iPhone; CPU iPhone OS 10_3_3 like Mac OS X) AppleWebKit/603.3.8 (KHTML, like Gecko) Version/10.0 Mobile/14G60 Safari/602.1','2017-08-23 20:17:21'),
	(332,2,'oscar.pirelli','190.8.62.104','Mozilla/5.0 (X11; Linux x86_64) AppleWebKit/537.36 (KHTML, like Gecko) Chrome/60.0.3112.101 Safari/537.36','2017-08-23 22:33:07'),
	(333,2,'oscar.pirelli','190.8.62.104','Mozilla/5.0 (X11; Linux x86_64) AppleWebKit/537.36 (KHTML, like Gecko) Chrome/60.0.3112.101 Safari/537.36','2017-08-24 08:32:45'),
	(334,2,'oscar.pirelli','190.8.50.70','Mozilla/5.0 (X11; Linux x86_64) AppleWebKit/537.36 (KHTML, like Gecko) Chrome/60.0.3112.101 Safari/537.36','2017-08-24 16:48:09'),
	(335,1,'santiago.semhan','190.247.77.161','Mozilla/5.0 (Macintosh; Intel Mac OS X 10_12_5) AppleWebKit/537.36 (KHTML, like Gecko) Chrome/60.0.3112.101 Safari/537.36','2017-08-24 21:35:36'),
	(336,2,'oscar.pirelli','190.8.50.70','Mozilla/5.0 (X11; Linux x86_64) AppleWebKit/537.36 (KHTML, like Gecko) Chrome/60.0.3112.101 Safari/537.36','2017-08-24 23:01:05'),
	(337,2,'oscar.pirelli','181.21.7.184','Mozilla/5.0 (X11; Linux x86_64) AppleWebKit/537.36 (KHTML, like Gecko) Chrome/60.0.3112.101 Safari/537.36','2017-08-25 08:28:30'),
	(338,1,'santiago.semhan','181.15.193.10','Mozilla/5.0 (Macintosh; Intel Mac OS X 10_12_5) AppleWebKit/537.36 (KHTML, like Gecko) Chrome/60.0.3112.101 Safari/537.36','2017-08-25 08:50:25'),
	(339,2,'oscar.pirelli','200.5.98.126','Mozilla/5.0 (Windows NT 6.1; WOW64; Trident/7.0; rv:11.0) like Gecko','2017-08-25 10:00:58'),
	(340,1,'santiago.semhan','190.247.77.161','Mozilla/5.0 (iPad; CPU OS 10_3_3 like Mac OS X) AppleWebKit/603.3.8 (KHTML, like Gecko) Version/10.0 Mobile/14G60 Safari/602.1','2017-08-25 20:21:48'),
	(341,1,'santiago.semhan','190.247.77.161','Mozilla/5.0 (iPad; CPU OS 10_3_3 like Mac OS X) AppleWebKit/603.3.8 (KHTML, like Gecko) Version/10.0 Mobile/14G60 Safari/602.1','2017-08-26 10:40:33'),
	(342,1,'santiago.semhan','190.247.77.161','Mozilla/5.0 (iPad; CPU OS 10_3_3 like Mac OS X) AppleWebKit/603.3.8 (KHTML, like Gecko) Version/10.0 Mobile/14G60 Safari/602.1','2017-08-27 11:04:36'),
	(343,1,'santiago.semhan','181.15.193.10','Mozilla/5.0 (Macintosh; Intel Mac OS X 10_12_5) AppleWebKit/537.36 (KHTML, like Gecko) Chrome/60.0.3112.113 Safari/537.36','2017-08-28 07:24:07'),
	(344,2,'oscar.pirelli','190.8.50.70','Mozilla/5.0 (X11; Linux x86_64) AppleWebKit/537.36 (KHTML, like Gecko) Chrome/60.0.3112.101 Safari/537.36','2017-08-28 09:00:48'),
	(345,3,'pablo.abuin','179.36.13.113','Mozilla/5.0 (Windows NT 6.1; WOW64; rv:54.0) Gecko/20100101 Firefox/54.0','2017-08-28 15:55:00'),
	(346,1,'santiago.semhan','190.247.77.161','Mozilla/5.0 (iPad; CPU OS 10_3_3 like Mac OS X) AppleWebKit/603.3.8 (KHTML, like Gecko) Version/10.0 Mobile/14G60 Safari/602.1','2017-08-28 19:34:26'),
	(347,2,'oscar.pirelli','190.8.50.70','Mozilla/5.0 (X11; Linux x86_64) AppleWebKit/537.36 (KHTML, like Gecko) Chrome/60.0.3112.101 Safari/537.36','2017-08-29 10:12:59'),
	(348,1,'santiago.semhan','190.7.28.74','Mozilla/5.0 (Windows NT 10.0; Win64; x64) AppleWebKit/537.36 (KHTML, like Gecko) Chrome/60.0.3112.101 Safari/537.36','2017-08-29 10:13:59'),
	(349,1,'santiago.semhan','181.15.193.10','Mozilla/5.0 (Macintosh; Intel Mac OS X 10_12_5) AppleWebKit/537.36 (KHTML, like Gecko) Chrome/60.0.3112.113 Safari/537.36','2017-08-29 10:52:28'),
	(350,1,'santiago.semhan','10.0.0.1','Mozilla/5.0 (Macintosh; Intel Mac OS X 10_12_5) AppleWebKit/537.36 (KHTML, like Gecko) Chrome/60.0.3112.113 Safari/537.36','2017-08-29 14:50:19'),
	(351,1,'santiago.semhan','190.7.28.74','Mozilla/5.0 (X11; Linux x86_64) AppleWebKit/537.36 (KHTML, like Gecko) Chrome/56.0.2924.87 Safari/537.36','2017-08-29 14:22:22'),
	(352,1,'santiago.semhan','190.247.77.161','Mozilla/5.0 (iPad; CPU OS 10_3_3 like Mac OS X) AppleWebKit/603.3.8 (KHTML, like Gecko) Version/10.0 Mobile/14G60 Safari/602.1','2017-08-29 17:47:00'),
	(353,2,'oscar.pirelli','190.8.50.70','Mozilla/5.0 (X11; Linux x86_64) AppleWebKit/537.36 (KHTML, like Gecko) Chrome/60.0.3112.101 Safari/537.36','2017-08-30 01:17:53'),
	(354,1,'santiago.semhan','190.7.28.74','Mozilla/5.0 (Windows NT 10.0; Win64; x64) AppleWebKit/537.36 (KHTML, like Gecko) Chrome/60.0.3112.113 Safari/537.36','2017-08-30 07:43:17'),
	(355,2,'oscar.pirelli','190.8.50.70','Mozilla/5.0 (X11; Linux x86_64) AppleWebKit/537.36 (KHTML, like Gecko) Chrome/60.0.3112.101 Safari/537.36','2017-08-30 08:30:42'),
	(356,1,'santiago.semhan','181.15.193.10','Mozilla/5.0 (Macintosh; Intel Mac OS X 10_12_5) AppleWebKit/537.36 (KHTML, like Gecko) Chrome/60.0.3112.113 Safari/537.36','2017-08-30 09:41:14'),
	(357,1,'santiago.semhan','190.7.28.74','Mozilla/5.0 (Windows NT 10.0; Win64; x64) AppleWebKit/537.36 (KHTML, like Gecko) Chrome/60.0.3112.113 Safari/537.36','2017-08-31 07:09:53'),
	(358,1,'santiago.semhan','181.15.193.10','Mozilla/5.0 (Macintosh; Intel Mac OS X 10_12_5) AppleWebKit/537.36 (KHTML, like Gecko) Chrome/60.0.3112.113 Safari/537.36','2017-08-31 10:18:48'),
	(359,3,'pablo.abuin','179.36.48.128','Mozilla/5.0 (Windows NT 10.0; Win64; x64) AppleWebKit/537.36 (KHTML, like Gecko) Chrome/60.0.3112.113 Safari/537.36','2017-08-31 12:19:26'),
	(360,1,'santiago.semhan','181.15.193.10','Mozilla/5.0 (Macintosh; Intel Mac OS X 10_12_5) AppleWebKit/537.36 (KHTML, like Gecko) Chrome/60.0.3112.113 Safari/537.36','2017-09-01 08:48:04'),
	(361,1,'santiago.semhan','190.247.77.161','Mozilla/5.0 (iPad; CPU OS 10_3_3 like Mac OS X) AppleWebKit/603.3.8 (KHTML, like Gecko) Version/10.0 Mobile/14G60 Safari/602.1','2017-09-01 16:57:37'),
	(362,1,'santiago.semhan','190.247.77.161','Mozilla/5.0 (Macintosh; Intel Mac OS X 10_12_5) AppleWebKit/537.36 (KHTML, like Gecko) Chrome/60.0.3112.113 Safari/537.36','2017-09-02 11:40:23'),
	(363,1,'santiago.semhan','190.247.77.161','Mozilla/5.0 (iPad; CPU OS 10_3_3 like Mac OS X) AppleWebKit/603.3.8 (KHTML, like Gecko) Version/10.0 Mobile/14G60 Safari/602.1','2017-09-03 20:44:35'),
	(364,1,'santiago.semhan','190.7.28.74','Mozilla/5.0 (Windows NT 10.0; Win64; x64) AppleWebKit/537.36 (KHTML, like Gecko) Chrome/60.0.3112.113 Safari/537.36','2017-09-04 07:22:09'),
	(365,2,'oscar.pirelli','190.8.50.70','Mozilla/5.0 (X11; Linux x86_64) AppleWebKit/537.36 (KHTML, like Gecko) Chrome/60.0.3112.101 Safari/537.36','2017-09-04 08:36:17'),
	(366,1,'santiago.semhan','181.15.193.10','Mozilla/5.0 (Macintosh; Intel Mac OS X 10_12_5) AppleWebKit/537.36 (KHTML, like Gecko) Chrome/60.0.3112.113 Safari/537.36','2017-09-04 08:36:56'),
	(367,2,'oscar.pirelli','190.8.50.70','Mozilla/5.0 (X11; Linux x86_64) AppleWebKit/537.36 (KHTML, like Gecko) Chrome/60.0.3112.101 Safari/537.36','2017-09-04 15:56:59'),
	(368,1,'santiago.semhan','181.15.193.10','Mozilla/5.0 (Macintosh; Intel Mac OS X 10.12; rv:55.0) Gecko/20100101 Firefox/55.0','2017-09-05 08:38:55'),
	(369,1,'santiago.semhan','181.15.193.10','Mozilla/5.0 (Macintosh; Intel Mac OS X 10_12_5) AppleWebKit/537.36 (KHTML, like Gecko) Chrome/60.0.3112.113 Safari/537.36','2017-09-05 08:40:05'),
	(370,1,'santiago.semhan','190.247.77.161','Mozilla/5.0 (iPad; CPU OS 10_3_3 like Mac OS X) AppleWebKit/603.3.8 (KHTML, like Gecko) Version/10.0 Mobile/14G60 Safari/602.1','2017-09-05 19:02:55'),
	(371,1,'santiago.semhan','181.15.193.10','Mozilla/5.0 (Macintosh; Intel Mac OS X 10_12_5) AppleWebKit/537.36 (KHTML, like Gecko) Chrome/60.0.3112.113 Safari/537.36','2017-09-06 10:49:33'),
	(372,1,'santiago.semhan','190.7.28.74','Mozilla/5.0 (Windows NT 10.0; Win64; x64) AppleWebKit/537.36 (KHTML, like Gecko) Chrome/60.0.3112.113 Safari/537.36','2017-09-07 08:12:21'),
	(373,1,'santiago.semhan','190.247.77.161','Mozilla/5.0 (iPad; CPU OS 10_3_3 like Mac OS X) AppleWebKit/603.3.8 (KHTML, like Gecko) Version/10.0 Mobile/14G60 Safari/602.1','2017-09-07 17:48:11'),
	(374,1,'santiago.semhan','181.15.193.10','Mozilla/5.0 (Macintosh; Intel Mac OS X 10_12_5) AppleWebKit/537.36 (KHTML, like Gecko) Chrome/60.0.3112.113 Safari/537.36','2017-09-08 10:52:33'),
	(375,2,'oscar.pirelli','190.8.50.70','Mozilla/5.0 (X11; Linux x86_64) AppleWebKit/537.36 (KHTML, like Gecko) Chrome/60.0.3112.101 Safari/537.36','2017-09-08 11:44:55'),
	(376,1,'santiago.semhan','190.247.77.161','Mozilla/5.0 (Macintosh; Intel Mac OS X 10_12_5) AppleWebKit/537.36 (KHTML, like Gecko) Chrome/60.0.3112.113 Safari/537.36','2017-09-11 13:58:18'),
	(377,1,'santiago.semhan','190.247.77.161','Mozilla/5.0 (iPhone; CPU iPhone OS 10_3_3 like Mac OS X) AppleWebKit/603.3.8 (KHTML, like Gecko) Version/10.0 Mobile/14G60 Safari/602.1','2017-09-12 11:39:03'),
	(378,1,'santiago.semhan','190.247.77.161','Mozilla/5.0 (Macintosh; Intel Mac OS X 10_12_5) AppleWebKit/537.36 (KHTML, like Gecko) Chrome/60.0.3112.113 Safari/537.36','2017-09-12 12:25:58'),
	(379,8,'carlos.moure','190.247.77.161','Mozilla/5.0 (Macintosh; Intel Mac OS X 10_12_5) AppleWebKit/537.36 (KHTML, like Gecko) Chrome/60.0.3112.113 Safari/537.36','2017-09-12 12:29:20'),
	(380,1,'santiago.semhan','190.247.77.161','Mozilla/5.0 (Macintosh; Intel Mac OS X 10_12_5) AppleWebKit/537.36 (KHTML, like Gecko) Chrome/60.0.3112.113 Safari/537.36','2017-09-12 12:29:34'),
	(381,8,'carlos.moure','190.247.77.161','Mozilla/5.0 (Macintosh; Intel Mac OS X 10_12_5) AppleWebKit/537.36 (KHTML, like Gecko) Chrome/60.0.3112.113 Safari/537.36','2017-09-12 12:30:45'),
	(382,3,'pablo.abuin','190.247.77.161','Mozilla/5.0 (Macintosh; Intel Mac OS X 10_12_5) AppleWebKit/537.36 (KHTML, like Gecko) Chrome/60.0.3112.113 Safari/537.36','2017-09-12 12:31:55'),
	(383,3,'pablo.abuin','179.36.52.203','Mozilla/5.0 (Linux; Android 7.0; WAS-LX3 Build/HUAWEIWAS-LX3) AppleWebKit/537.36 (KHTML, like Gecko) Chrome/60.0.3112.116 Mobile Safari/537.36','2017-09-12 12:35:57'),
	(384,3,'pablo.abuin','201.177.128.195','Mozilla/5.0 (Windows NT 10.0; Win64; x64) AppleWebKit/537.36 (KHTML, like Gecko) Chrome/60.0.3112.113 Safari/537.36','2017-09-12 12:49:45'),
	(385,2,'oscar.pirelli','190.8.50.70','Mozilla/5.0 (X11; Linux x86_64) AppleWebKit/537.36 (KHTML, like Gecko) Chrome/60.0.3112.101 Safari/537.36','2017-09-13 08:33:32'),
	(386,1,'santiago.semhan','190.247.77.161','Mozilla/5.0 (Macintosh; Intel Mac OS X 10_12_5) AppleWebKit/537.36 (KHTML, like Gecko) Chrome/60.0.3112.113 Safari/537.36','2017-09-13 10:04:19'),
	(387,3,'pablo.abuin','201.177.174.70','Mozilla/5.0 (Windows NT 6.1; WOW64; rv:55.0) Gecko/20100101 Firefox/55.0','2017-09-14 08:15:10'),
	(388,2,'oscar.pirelli','181.21.16.245','Mozilla/5.0 (X11; Linux x86_64) AppleWebKit/537.36 (KHTML, like Gecko) Chrome/60.0.3112.101 Safari/537.36','2017-09-14 09:56:01'),
	(389,3,'pablo.abuin','170.51.99.129','Mozilla/5.0 (Linux; Android 7.0; WAS-LX3 Build/HUAWEIWAS-LX3) AppleWebKit/537.36 (KHTML, like Gecko) Chrome/60.0.3112.116 Mobile Safari/537.36','2017-09-14 11:04:28'),
	(390,3,'pablo.abuin','170.51.99.129','Mozilla/5.0 (Linux; Android 7.0; WAS-LX3 Build/HUAWEIWAS-LX3) AppleWebKit/537.36 (KHTML, like Gecko) Chrome/60.0.3112.116 Mobile Safari/537.36','2017-09-14 11:15:59'),
	(391,1,'santiago.semhan','190.247.77.161','Mozilla/5.0 (Macintosh; Intel Mac OS X 10_12_5) AppleWebKit/537.36 (KHTML, like Gecko) Chrome/60.0.3112.113 Safari/537.36','2017-09-14 12:05:29'),
	(392,9,'juan.gongora','200.55.37.134','Mozilla/5.0 (compatible; MSIE 10.0; Windows NT 6.1; WOW64; Trident/6.0)','2017-09-15 09:02:06'),
	(393,2,'oscar.pirelli','190.8.50.70','Mozilla/5.0 (X11; Linux x86_64) AppleWebKit/537.36 (KHTML, like Gecko) Chrome/60.0.3112.101 Safari/537.36','2017-09-15 09:08:07'),
	(394,1,'santiago.semhan','190.247.77.161','Mozilla/5.0 (Macintosh; Intel Mac OS X 10_12_5) AppleWebKit/537.36 (KHTML, like Gecko) Chrome/60.0.3112.113 Safari/537.36','2017-09-15 12:23:22'),
	(395,2,'oscar.pirelli','190.8.50.70','Mozilla/5.0 (X11; Linux x86_64) AppleWebKit/537.36 (KHTML, like Gecko) Chrome/60.0.3112.101 Safari/537.36','2017-09-15 15:31:46'),
	(396,8,'carlos.moure','200.55.37.134','Mozilla/5.0 (compatible; MSIE 10.0; Windows NT 6.1; WOW64; Trident/6.0)','2017-09-16 10:25:58'),
	(397,3,'pablo.abuin','200.55.37.134','Mozilla/5.0 (compatible; MSIE 10.0; Windows NT 6.1; WOW64; Trident/6.0)','2017-09-16 10:29:49'),
	(398,3,'pablo.abuin','170.51.92.118','Mozilla/5.0 (Linux; Android 7.0; WAS-LX3 Build/HUAWEIWAS-LX3) AppleWebKit/537.36 (KHTML, like Gecko) Chrome/60.0.3112.116 Mobile Safari/537.36','2017-09-16 10:31:22'),
	(399,3,'pablo.abuin','170.51.92.118','Mozilla/5.0 (Linux; Android 7.0; WAS-LX3 Build/HUAWEIWAS-LX3) AppleWebKit/537.36 (KHTML, like Gecko) Chrome/60.0.3112.116 Mobile Safari/537.36','2017-09-16 10:32:32'),
	(400,1,'santiago.semhan','190.247.77.161','Mozilla/5.0 (Macintosh; Intel Mac OS X 10_12_5) AppleWebKit/537.36 (KHTML, like Gecko) Chrome/60.0.3112.113 Safari/537.36','2017-09-16 14:05:55'),
	(401,8,'carlos.moure','200.5.203.114','Mozilla/5.0 (Windows NT 10.0; Win64; x64) AppleWebKit/537.36 (KHTML, like Gecko) Chrome/52.0.2743.116 Safari/537.36 Edge/15.15063','2017-09-18 10:08:55'),
	(402,3,'pablo.abuin','179.36.18.199','Mozilla/5.0 (Windows NT 6.1; WOW64; rv:55.0) Gecko/20100101 Firefox/55.0','2017-09-18 12:38:29'),
	(403,1,'santiago.semhan','190.247.77.161','Mozilla/5.0 (Macintosh; Intel Mac OS X 10_12_6) AppleWebKit/537.36 (KHTML, like Gecko) Chrome/60.0.3112.113 Safari/537.36','2017-09-18 17:52:18'),
	(404,1,'santiago.semhan','181.15.193.10','Mozilla/5.0 (Macintosh; Intel Mac OS X 10_12_6) AppleWebKit/537.36 (KHTML, like Gecko) Chrome/61.0.3163.91 Safari/537.36','2017-09-20 10:15:50'),
	(405,3,'pablo.abuin','201.177.134.239','Mozilla/5.0 (Windows NT 6.1; WOW64; rv:55.0) Gecko/20100101 Firefox/55.0','2017-09-20 11:51:18'),
	(406,2,'oscar.pirelli','190.8.50.70','Mozilla/5.0 (X11; Linux x86_64) AppleWebKit/537.36 (KHTML, like Gecko) Chrome/60.0.3112.101 Safari/537.36','2017-09-22 15:04:32'),
	(407,1,'santiago.semhan','181.15.193.10','Mozilla/5.0 (Macintosh; Intel Mac OS X 10_12_6) AppleWebKit/537.36 (KHTML, like Gecko) Chrome/61.0.3163.100 Safari/537.36','2017-09-22 16:06:01'),
	(408,2,'oscar.pirelli','190.8.50.70','Mozilla/5.0 (X11; Linux x86_64) AppleWebKit/537.36 (KHTML, like Gecko) Chrome/60.0.3112.101 Safari/537.36','2017-09-23 19:28:00'),
	(409,1,'santiago.semhan','181.15.193.10','Mozilla/5.0 (Macintosh; Intel Mac OS X 10_12_6) AppleWebKit/537.36 (KHTML, like Gecko) Chrome/61.0.3163.100 Safari/537.36','2017-09-25 11:05:49'),
	(410,3,'pablo.abuin','179.36.1.141','Mozilla/5.0 (Windows NT 6.1; WOW64; rv:55.0) Gecko/20100101 Firefox/55.0','2017-09-25 12:24:38'),
	(411,4,'fernando.figueroa','170.51.93.236','Mozilla/5.0 (iPhone; CPU iPhone OS 10_3_3 like Mac OS X) AppleWebKit/603.3.8 (KHTML, like Gecko) Version/10.0 Mobile/14G60 Safari/602.1','2017-09-25 12:35:23'),
	(412,2,'oscar.pirelli','190.8.50.70','Mozilla/5.0 (X11; Linux x86_64) AppleWebKit/537.36 (KHTML, like Gecko) Chrome/60.0.3112.101 Safari/537.36','2017-09-25 16:01:24'),
	(413,1,'santiago.semhan','190.247.77.161','Mozilla/5.0 (Macintosh; Intel Mac OS X 10_12_6) AppleWebKit/537.36 (KHTML, like Gecko) Chrome/61.0.3163.100 Safari/537.36','2017-09-25 19:40:35'),
	(414,2,'oscar.pirelli','190.8.50.70','Mozilla/5.0 (X11; Linux x86_64) AppleWebKit/537.36 (KHTML, like Gecko) Chrome/60.0.3112.101 Safari/537.36','2017-09-25 20:38:10'),
	(415,7,'test','190.247.77.161','Mozilla/5.0 (Macintosh; Intel Mac OS X 10_12_6) AppleWebKit/537.36 (KHTML, like Gecko) Chrome/61.0.3163.100 Safari/537.36','2017-09-25 20:46:21'),
	(416,1,'santiago.semhan','190.247.77.161','Mozilla/5.0 (Macintosh; Intel Mac OS X 10_12_6) AppleWebKit/537.36 (KHTML, like Gecko) Chrome/61.0.3163.100 Safari/537.36','2017-09-25 20:47:05'),
	(417,7,'test','186.138.151.35','Mozilla/5.0 (Linux; Android 5.1; MotoE2(4G-LTE) Build/LPIS23.29-18.9-6) AppleWebKit/537.36 (KHTML, like Gecko) Chrome/50.0.2661.89 Mobile Safari/537.36','2017-09-25 20:51:52'),
	(418,7,'test','190.192.86.206','Mozilla/5.0 (X11; Linux x86_64) AppleWebKit/537.36 (KHTML, like Gecko) Chrome/61.0.3163.79 Safari/537.36','2017-09-25 21:04:13'),
	(419,7,'test','181.90.12.153','Mozilla/5.0 (X11; Linux x86_64) AppleWebKit/537.36 (KHTML, like Gecko) Chrome/61.0.3163.79 Safari/537.36','2017-09-25 21:23:37'),
	(420,1,'santiago.semhan','190.247.77.161','Mozilla/5.0 (Macintosh; Intel Mac OS X 10_12_6) AppleWebKit/537.36 (KHTML, like Gecko) Chrome/61.0.3163.100 Safari/537.36','2017-09-25 21:51:10'),
	(421,1,'santiago.semhan','190.247.77.161','Mozilla/5.0 (iPhone; CPU iPhone OS 11_0 like Mac OS X) AppleWebKit/604.1.38 (KHTML, like Gecko) Version/11.0 Mobile/15A372 Safari/604.1','2017-09-25 23:05:22'),
	(422,1,'santiago.semhan','190.247.77.161','Mozilla/5.0 (iPhone; CPU iPhone OS 11_0 like Mac OS X) AppleWebKit/604.1.38 (KHTML, like Gecko) Version/11.0 Mobile/15A372 Safari/604.1','2017-09-26 06:36:48'),
	(423,1,'santiago.semhan','190.7.28.74','Mozilla/5.0 (Windows NT 10.0; Win64; x64) AppleWebKit/537.36 (KHTML, like Gecko) Chrome/61.0.3163.100 Safari/537.36','2017-09-26 07:23:23'),
	(424,1,'santiago.semhan','181.15.193.10','Mozilla/5.0 (Macintosh; Intel Mac OS X 10_12_6) AppleWebKit/537.36 (KHTML, like Gecko) Chrome/61.0.3163.100 Safari/537.36','2017-09-26 07:52:42'),
	(425,7,'test','190.7.28.74','Mozilla/5.0 (X11; Linux x86_64) AppleWebKit/537.36 (KHTML, like Gecko) Chrome/61.0.3163.100 Safari/537.36','2017-09-26 09:59:26'),
	(426,1,'santiago.semhan','190.7.28.74','Mozilla/5.0 (Windows NT 10.0; Win64; x64) AppleWebKit/537.36 (KHTML, like Gecko) Chrome/61.0.3163.100 Safari/537.36','2017-09-26 14:18:50'),
	(427,1,'santiago.semhan','181.9.163.244','Mozilla/5.0 (iPhone; CPU iPhone OS 11_0 like Mac OS X) AppleWebKit/604.1.38 (KHTML, like Gecko) Version/11.0 Mobile/15A372 Safari/604.1','2017-09-26 16:25:08'),
	(428,1,'santiago.semhan','190.247.77.161','Mozilla/5.0 (iPad; CPU OS 11_0 like Mac OS X) AppleWebKit/604.1.38 (KHTML, like Gecko) Version/11.0 Mobile/15A372 Safari/604.1','2017-09-26 20:38:18'),
	(429,1,'santiago.semhan','190.7.28.74','Mozilla/5.0 (Windows NT 10.0; Win64; x64) AppleWebKit/537.36 (KHTML, like Gecko) Chrome/61.0.3163.100 Safari/537.36','2017-09-27 07:37:30'),
	(430,2,'oscar.pirelli','190.8.50.70','Mozilla/5.0 (X11; Linux x86_64) AppleWebKit/537.36 (KHTML, like Gecko) Chrome/60.0.3112.101 Safari/537.36','2017-09-27 08:39:05'),
	(431,7,'test','181.228.100.77','Mozilla/5.0 (Macintosh; Intel Mac OS X 10_13_0) AppleWebKit/537.36 (KHTML, like Gecko) Chrome/60.0.3112.113 Safari/537.36','2017-09-27 09:29:22'),
	(432,7,'test','181.15.193.10','Mozilla/5.0 (Macintosh; Intel Mac OS X 10_13_0) AppleWebKit/537.36 (KHTML, like Gecko) Chrome/61.0.3163.100 Safari/537.36','2017-09-27 09:40:23'),
	(433,1,'santiago.semhan','181.15.193.10','Mozilla/5.0 (Macintosh; Intel Mac OS X 10_13_0) AppleWebKit/537.36 (KHTML, like Gecko) Chrome/61.0.3163.100 Safari/537.36','2017-09-27 11:27:13'),
	(434,1,'santiago.semhan','190.247.77.161','Mozilla/5.0 (iPad; CPU OS 11_0 like Mac OS X) AppleWebKit/604.1.38 (KHTML, like Gecko) Version/11.0 Mobile/15A372 Safari/604.1','2017-09-27 17:06:10'),
	(435,1,'santiago.semhan','190.247.77.161','Mozilla/5.0 (Macintosh; Intel Mac OS X 10_13_0) AppleWebKit/537.36 (KHTML, like Gecko) Chrome/61.0.3163.100 Safari/537.36','2017-09-27 17:28:43'),
	(436,1,'santiago.semhan','190.247.77.161','Mozilla/5.0 (Macintosh; Intel Mac OS X 10_13_0) AppleWebKit/537.36 (KHTML, like Gecko) Chrome/61.0.3163.100 Safari/537.36','2017-09-27 17:28:45'),
	(437,1,'santiago.semhan','190.247.77.161','Mozilla/5.0 (Macintosh; Intel Mac OS X 10_13_0) AppleWebKit/537.36 (KHTML, like Gecko) Chrome/61.0.3163.100 Safari/537.36','2017-09-27 17:28:47'),
	(438,2,'oscar.pirelli','190.8.50.70','Mozilla/5.0 (X11; Linux x86_64) AppleWebKit/537.36 (KHTML, like Gecko) Chrome/60.0.3112.101 Safari/537.36','2017-09-27 23:53:37'),
	(439,1,'santiago.semhan','181.15.193.10','Mozilla/5.0 (Macintosh; Intel Mac OS X 10_13_0) AppleWebKit/537.36 (KHTML, like Gecko) Chrome/61.0.3163.100 Safari/537.36','2017-09-28 07:51:06'),
	(440,2,'oscar.pirelli','190.8.50.70','Mozilla/5.0 (X11; Linux x86_64) AppleWebKit/537.36 (KHTML, like Gecko) Chrome/60.0.3112.101 Safari/537.36','2017-09-28 09:53:36'),
	(441,1,'santiago.semhan','190.247.77.161','Mozilla/5.0 (iPhone; CPU iPhone OS 11_0_1 like Mac OS X) AppleWebKit/604.1.38 (KHTML, like Gecko) Version/11.0 Mobile/15A402 Safari/604.1','2017-09-28 16:05:00'),
	(442,1,'santiago.semhan','190.247.77.161','Mozilla/5.0 (iPhone; CPU iPhone OS 11_0_1 like Mac OS X) AppleWebKit/604.1.38 (KHTML, like Gecko) Version/11.0 Mobile/15A402 Safari/604.1','2017-09-28 16:05:02'),
	(443,1,'santiago.semhan','190.247.77.161','Mozilla/5.0 (iPhone; CPU iPhone OS 11_0_1 like Mac OS X) AppleWebKit/604.1.38 (KHTML, like Gecko) Version/11.0 Mobile/15A402 Safari/604.1','2017-09-28 16:05:04'),
	(444,1,'santiago.semhan','190.247.77.161','Mozilla/5.0 (Macintosh; Intel Mac OS X 10_13_0) AppleWebKit/537.36 (KHTML, like Gecko) Chrome/61.0.3163.100 Safari/537.36','2017-09-28 20:46:47'),
	(445,2,'oscar.pirelli','190.8.50.70','Mozilla/5.0 (X11; Linux x86_64) AppleWebKit/537.36 (KHTML, like Gecko) Chrome/60.0.3112.101 Safari/537.36','2017-09-29 08:36:08'),
	(446,1,'santiago.semhan','181.15.193.10','Mozilla/5.0 (Macintosh; Intel Mac OS X 10_13_0) AppleWebKit/537.36 (KHTML, like Gecko) Chrome/61.0.3163.100 Safari/537.36','2017-09-29 08:37:51'),
	(447,3,'pablo.abuin','181.15.218.66','Mozilla/5.0 (Linux; Android 7.0; WAS-LX3 Build/HUAWEIWAS-LX3) AppleWebKit/537.36 (KHTML, like Gecko) Chrome/61.0.3163.98 Mobile Safari/537.36','2017-09-29 08:52:59'),
	(448,1,'santiago.semhan','181.15.193.10','Mozilla/5.0 (Macintosh; Intel Mac OS X 10_13_0) AppleWebKit/537.36 (KHTML, like Gecko) Chrome/61.0.3163.100 Safari/537.36','2017-09-29 15:13:39'),
	(449,1,'santiago.semhan','190.247.77.161','Mozilla/5.0 (iPad; CPU OS 11_0 like Mac OS X) AppleWebKit/604.1.38 (KHTML, like Gecko) Version/11.0 Mobile/15A372 Safari/604.1','2017-09-29 21:01:39'),
	(450,2,'oscar.pirelli','190.8.50.70','Mozilla/5.0 (X11; Linux x86_64) AppleWebKit/537.36 (KHTML, like Gecko) Chrome/60.0.3112.101 Safari/537.36','2017-09-29 21:02:20'),
	(451,1,'santiago.semhan','181.9.165.71','Mozilla/5.0 (iPhone; CPU iPhone OS 11_0_1 like Mac OS X) AppleWebKit/604.1.38 (KHTML, like Gecko) Version/11.0 Mobile/15A402 Safari/604.1','2017-09-29 21:46:00'),
	(452,1,'santiago.semhan','181.9.165.71','Mozilla/5.0 (iPhone; CPU iPhone OS 11_0_1 like Mac OS X) AppleWebKit/604.1.38 (KHTML, like Gecko) Version/11.0 Mobile/15A402 Safari/604.1','2017-09-29 21:46:43'),
	(453,1,'santiago.semhan','190.247.77.161','Mozilla/5.0 (iPhone; CPU iPhone OS 11_0_1 like Mac OS X) AppleWebKit/604.1.38 (KHTML, like Gecko) Version/11.0 Mobile/15A402 Safari/604.1','2017-10-01 00:13:19'),
	(454,1,'santiago.semhan','190.192.90.105','Mozilla/5.0 (iPhone; CPU iPhone OS 11_0_1 like Mac OS X) AppleWebKit/604.1.38 (KHTML, like Gecko) Version/11.0 Mobile/15A402 Safari/604.1','2017-10-01 16:42:59'),
	(455,1,'santiago.semhan','181.15.193.10','Mozilla/5.0 (Macintosh; Intel Mac OS X 10_13_0) AppleWebKit/537.36 (KHTML, like Gecko) Chrome/61.0.3163.100 Safari/537.36','2017-10-02 08:21:08'),
	(456,3,'pablo.abuin','201.177.167.181','Mozilla/5.0 (Windows NT 6.1; WOW64; rv:56.0) Gecko/20100101 Firefox/56.0','2017-10-02 08:57:10'),
	(457,2,'oscar.pirelli','190.8.50.70','Mozilla/5.0 (X11; Linux x86_64) AppleWebKit/537.36 (KHTML, like Gecko) Chrome/60.0.3112.101 Safari/537.36','2017-10-02 10:35:25'),
	(458,1,'santiago.semhan','190.247.77.161','Mozilla/5.0 (iPhone; CPU iPhone OS 11_0_1 like Mac OS X) AppleWebKit/604.1.38 (KHTML, like Gecko) Version/11.0 Mobile/15A402 Safari/604.1','2017-10-02 18:51:58'),
	(459,1,'santiago.semhan','190.247.77.161','Mozilla/5.0 (iPad; CPU OS 11_0 like Mac OS X) AppleWebKit/604.1.38 (KHTML, like Gecko) Version/11.0 Mobile/15A372 Safari/604.1','2017-10-02 19:17:41'),
	(460,1,'santiago.semhan','181.15.193.10','Mozilla/5.0 (Macintosh; Intel Mac OS X 10_13_0) AppleWebKit/537.36 (KHTML, like Gecko) Chrome/61.0.3163.100 Safari/537.36','2017-10-03 09:07:42'),
	(461,3,'pablo.abuin','201.177.167.181','Mozilla/5.0 (Windows NT 6.1; WOW64; rv:56.0) Gecko/20100101 Firefox/56.0','2017-10-03 10:11:01'),
	(462,1,'santiago.semhan','190.247.77.161','Mozilla/5.0 (Macintosh; Intel Mac OS X 10_13_0) AppleWebKit/537.36 (KHTML, like Gecko) Chrome/61.0.3163.100 Safari/537.36','2017-10-03 19:52:46'),
	(463,3,'pablo.abuin','179.36.42.220','Mozilla/5.0 (Windows NT 6.1; WOW64; rv:56.0) Gecko/20100101 Firefox/56.0','2017-10-04 08:32:39'),
	(464,1,'santiago.semhan','181.15.193.10','Mozilla/5.0 (Macintosh; Intel Mac OS X 10_13_0) AppleWebKit/537.36 (KHTML, like Gecko) Chrome/61.0.3163.100 Safari/537.36','2017-10-04 08:42:40'),
	(465,2,'oscar.pirelli','181.21.57.216','Mozilla/5.0 (X11; Linux x86_64) AppleWebKit/537.36 (KHTML, like Gecko) Chrome/60.0.3112.101 Safari/537.36','2017-10-04 08:59:08'),
	(466,3,'pablo.abuin','170.51.95.180','Mozilla/5.0 (Linux; Android 7.0; WAS-LX3 Build/HUAWEIWAS-LX3) AppleWebKit/537.36 (KHTML, like Gecko) Chrome/61.0.3163.98 Mobile Safari/537.36','2017-10-04 12:26:33'),
	(467,1,'santiago.semhan','190.247.77.161','Mozilla/5.0 (iPad; CPU OS 11_0_1 like Mac OS X) AppleWebKit/604.1.38 (KHTML, like Gecko) Version/11.0 Mobile/15A402 Safari/604.1','2017-10-04 17:28:51'),
	(468,2,'oscar.pirelli','190.8.50.70','Mozilla/5.0 (X11; Linux x86_64) AppleWebKit/537.36 (KHTML, like Gecko) Chrome/60.0.3112.101 Safari/537.36','2017-10-05 08:00:36'),
	(469,1,'santiago.semhan','181.15.193.10','Mozilla/5.0 (Macintosh; Intel Mac OS X 10_13_0) AppleWebKit/537.36 (KHTML, like Gecko) Chrome/61.0.3163.100 Safari/537.36','2017-10-05 08:57:43'),
	(470,1,'santiago.semhan','181.15.193.10','Mozilla/5.0 (Macintosh; Intel Mac OS X 10_13_0) AppleWebKit/537.36 (KHTML, like Gecko) Chrome/61.0.3163.100 Safari/537.36','2017-10-06 08:57:07'),
	(471,1,'santiago.semhan','190.247.77.161','Mozilla/5.0 (iPad; CPU OS 11_0_1 like Mac OS X) AppleWebKit/604.1.38 (KHTML, like Gecko) Version/11.0 Mobile/15A402 Safari/604.1','2017-10-06 16:35:46'),
	(472,1,'santiago.semhan','190.247.77.161','Mozilla/5.0 (Macintosh; Intel Mac OS X 10_13_0) AppleWebKit/537.36 (KHTML, like Gecko) Chrome/61.0.3163.100 Safari/537.36','2017-10-07 17:27:58'),
	(473,1,'santiago.semhan','190.247.77.161','Mozilla/5.0 (iPad; CPU OS 11_0_1 like Mac OS X) AppleWebKit/604.1.38 (KHTML, like Gecko) Version/11.0 Mobile/15A402 Safari/604.1','2017-10-08 09:51:23'),
	(474,1,'santiago.semhan','190.247.77.161','Mozilla/5.0 (iPad; CPU OS 11_0_1 like Mac OS X) AppleWebKit/604.1.38 (KHTML, like Gecko) Version/11.0 Mobile/15A402 Safari/604.1','2017-10-08 16:24:17'),
	(475,1,'santiago.semhan','181.15.193.10','Mozilla/5.0 (Macintosh; Intel Mac OS X 10_13_0) AppleWebKit/537.36 (KHTML, like Gecko) Chrome/61.0.3163.100 Safari/537.36','2017-10-09 09:07:08'),
	(476,3,'pablo.abuin','179.36.62.212','Mozilla/5.0 (Windows NT 6.1; WOW64; rv:56.0) Gecko/20100101 Firefox/56.0','2017-10-09 10:58:59'),
	(477,1,'santiago.semhan','190.247.77.161','Mozilla/5.0 (iPad; CPU OS 11_0_1 like Mac OS X) AppleWebKit/604.1.38 (KHTML, like Gecko) Version/11.0 Mobile/15A402 Safari/604.1','2017-10-09 17:12:13'),
	(478,7,'test','190.183.237.170','Mozilla/5.0 (Macintosh; Intel Mac OS X 10_13) AppleWebKit/604.1.38 (KHTML, like Gecko) Version/11.0 Safari/604.1.38','2017-10-09 19:15:34'),
	(479,1,'santiago.semhan','181.15.193.10','Mozilla/5.0 (Macintosh; Intel Mac OS X 10_13_0) AppleWebKit/537.36 (KHTML, like Gecko) Chrome/61.0.3163.100 Safari/537.36','2017-10-10 07:55:14'),
	(480,1,'santiago.semhan','181.9.165.195','Mozilla/5.0 (iPhone; CPU iPhone OS 11_0_2 like Mac OS X) AppleWebKit/604.1.38 (KHTML, like Gecko) Version/11.0 Mobile/15A421 Safari/604.1','2017-10-10 22:52:24'),
	(481,1,'santiago.semhan','181.9.165.195','Mozilla/5.0 (iPhone; CPU iPhone OS 11_0_2 like Mac OS X) AppleWebKit/604.1.38 (KHTML, like Gecko) Version/11.0 Mobile/15A421 Safari/604.1','2017-10-10 22:52:48'),
	(482,1,'santiago.semhan','190.7.28.74','Mozilla/5.0 (Windows NT 10.0; Win64; x64) AppleWebKit/537.36 (KHTML, like Gecko) Chrome/61.0.3163.100 Safari/537.36','2017-10-11 10:35:47'),
	(483,1,'santiago.semhan','190.7.28.74','Mozilla/5.0 (Windows NT 10.0; Win64; x64) AppleWebKit/537.36 (KHTML, like Gecko) Chrome/61.0.3163.100 Safari/537.36','2017-10-12 07:58:32'),
	(484,3,'pablo.abuin','201.177.157.34','Mozilla/5.0 (Windows NT 6.1; WOW64; rv:56.0) Gecko/20100101 Firefox/56.0','2017-10-12 09:11:06'),
	(485,1,'santiago.semhan','190.247.77.161','Mozilla/5.0 (iPad; CPU OS 11_0_1 like Mac OS X) AppleWebKit/604.1.38 (KHTML, like Gecko) Version/11.0 Mobile/15A402 Safari/604.1','2017-10-12 16:03:12'),
	(486,1,'santiago.semhan','181.15.193.10','Mozilla/5.0 (Macintosh; Intel Mac OS X 10_13_0) AppleWebKit/537.36 (KHTML, like Gecko) Chrome/61.0.3163.100 Safari/537.36','2017-10-13 08:14:41'),
	(487,3,'pablo.abuin','179.36.25.103','Mozilla/5.0 (Windows NT 6.1; WOW64; rv:56.0) Gecko/20100101 Firefox/56.0','2017-10-13 08:25:30'),
	(488,3,'pablo.abuin','179.36.37.248','Mozilla/5.0 (Linux; Android 7.0; WAS-LX3 Build/HUAWEIWAS-LX3) AppleWebKit/537.36 (KHTML, like Gecko) Chrome/61.0.3163.98 Mobile Safari/537.36','2017-10-13 15:28:19'),
	(489,1,'santiago.semhan','190.192.86.130','Mozilla/5.0 (iPhone; CPU iPhone OS 11_0_2 like Mac OS X) AppleWebKit/604.1.38 (KHTML, like Gecko) Version/11.0 Mobile/15A421 Safari/604.1','2017-10-15 12:56:33'),
	(490,1,'santiago.semhan','181.15.193.10','Mozilla/5.0 (Macintosh; Intel Mac OS X 10_13_0) AppleWebKit/537.36 (KHTML, like Gecko) Chrome/61.0.3163.100 Safari/537.36','2017-10-17 09:38:11'),
	(491,2,'oscar.pirelli','190.8.50.70','Mozilla/5.0 (X11; Linux x86_64) AppleWebKit/537.36 (KHTML, like Gecko) Chrome/60.0.3112.101 Safari/537.36','2017-10-17 10:48:12'),
	(492,2,'oscar.pirelli','190.8.50.70','Mozilla/5.0 (X11; Linux x86_64) AppleWebKit/537.36 (KHTML, like Gecko) Chrome/60.0.3112.101 Safari/537.36','2017-10-17 11:07:07'),
	(493,1,'santiago.semhan','190.247.77.161','Mozilla/5.0 (iPhone; CPU iPhone OS 11_0_3 like Mac OS X) AppleWebKit/604.1.38 (KHTML, like Gecko) Version/11.0 Mobile/15A432 Safari/604.1','2017-10-17 15:34:56'),
	(494,1,'santiago.semhan','190.7.28.74','Mozilla/5.0 (Windows NT 10.0; Win64; x64) AppleWebKit/537.36 (KHTML, like Gecko) Chrome/61.0.3163.100 Safari/537.36','2017-10-18 08:20:54'),
	(495,1,'santiago.semhan','181.15.193.10','Mozilla/5.0 (Macintosh; Intel Mac OS X 10_13_0) AppleWebKit/537.36 (KHTML, like Gecko) Chrome/61.0.3163.100 Safari/537.36','2017-10-18 10:05:58'),
	(496,3,'pablo.abuin','179.36.19.52','Mozilla/5.0 (Windows NT 6.1; Win64; x64; rv:56.0) Gecko/20100101 Firefox/56.0','2017-10-18 13:59:43'),
	(497,1,'santiago.semhan','190.7.28.74','Mozilla/5.0 (Windows NT 10.0; Win64; x64) AppleWebKit/537.36 (KHTML, like Gecko) Chrome/61.0.3163.100 Safari/537.36','2017-10-18 14:38:56'),
	(498,1,'santiago.semhan','181.15.193.10','Mozilla/5.0 (Macintosh; Intel Mac OS X 10_13_0) AppleWebKit/537.36 (KHTML, like Gecko) Chrome/61.0.3163.100 Safari/537.36','2017-10-19 09:12:47'),
	(499,3,'pablo.abuin','179.36.19.52','Mozilla/5.0 (Windows NT 6.1; Win64; x64; rv:56.0) Gecko/20100101 Firefox/56.0','2017-10-19 12:27:13'),
	(500,7,'test','190.193.231.180','Mozilla/5.0 (Macintosh; Intel Mac OS X 10_13_0) AppleWebKit/537.36 (KHTML, like Gecko) Chrome/61.0.3163.100 Safari/537.36','2017-10-19 17:09:28'),
	(501,1,'santiago.semhan','190.247.77.161','Mozilla/5.0 (iPhone; CPU iPhone OS 11_0_3 like Mac OS X) AppleWebKit/604.1.38 (KHTML, like Gecko) Version/11.0 Mobile/15A432 Safari/604.1','2017-10-19 22:43:29'),
	(502,1,'santiago.semhan','181.15.193.10','Mozilla/5.0 (Macintosh; Intel Mac OS X 10_13_0) AppleWebKit/537.36 (KHTML, like Gecko) Chrome/61.0.3163.100 Safari/537.36','2017-10-20 13:23:55'),
	(503,1,'santiago.semhan','181.9.163.155','Mozilla/5.0 (iPhone; CPU iPhone OS 11_0_3 like Mac OS X) AppleWebKit/604.1.38 (KHTML, like Gecko) Version/11.0 Mobile/15A432 Safari/604.1','2017-10-20 17:15:26'),
	(504,1,'santiago.semhan','190.247.77.161','Mozilla/5.0 (iPhone; CPU iPhone OS 11_0_3 like Mac OS X) AppleWebKit/604.1.38 (KHTML, like Gecko) Version/11.0 Mobile/15A432 Safari/604.1','2017-10-21 17:49:33'),
	(505,1,'santiago.semhan','190.247.77.161','Mozilla/5.0 (iPhone; CPU iPhone OS 11_0_3 like Mac OS X) AppleWebKit/604.1.38 (KHTML, like Gecko) Version/11.0 Mobile/15A432 Safari/604.1','2017-10-22 22:42:43'),
	(506,1,'santiago.semhan','190.7.28.74','Mozilla/5.0 (Windows NT 10.0; Win64; x64) AppleWebKit/537.36 (KHTML, like Gecko) Chrome/61.0.3163.100 Safari/537.36','2017-10-23 07:57:29'),
	(507,1,'santiago.semhan','181.15.193.10','Mozilla/5.0 (Macintosh; Intel Mac OS X 10_13_0) AppleWebKit/537.36 (KHTML, like Gecko) Chrome/61.0.3163.100 Safari/537.36','2017-10-23 09:09:53'),
	(508,1,'santiago.semhan','190.247.77.161','Mozilla/5.0 (iPhone; CPU iPhone OS 11_0_3 like Mac OS X) AppleWebKit/604.1.38 (KHTML, like Gecko) Version/11.0 Mobile/15A432 Safari/604.1','2017-10-23 20:57:35'),
	(509,1,'santiago.semhan','181.15.193.10','Mozilla/5.0 (Macintosh; Intel Mac OS X 10_13_0) AppleWebKit/537.36 (KHTML, like Gecko) Chrome/61.0.3163.100 Safari/537.36','2017-10-24 08:50:53'),
	(510,1,'santiago.semhan','181.15.193.10','Mozilla/5.0 (Macintosh; Intel Mac OS X 10_13_0) AppleWebKit/537.36 (KHTML, like Gecko) Chrome/61.0.3163.100 Safari/537.36','2017-10-25 08:33:23'),
	(511,2,'oscar.pirelli','190.8.49.157','Mozilla/5.0 (Windows NT 6.1; Win64; x64; rv:56.0) Gecko/20100101 Firefox/56.0','2017-10-25 11:40:24'),
	(512,1,'santiago.semhan','181.15.193.10','Mozilla/5.0 (Macintosh; Intel Mac OS X 10_13_0) AppleWebKit/537.36 (KHTML, like Gecko) Chrome/61.0.3163.100 Safari/537.36','2017-10-26 09:03:59'),
	(513,1,'santiago.semhan','190.7.28.74','Mozilla/5.0 (Windows NT 10.0; Win64; x64) AppleWebKit/537.36 (KHTML, like Gecko) Chrome/61.0.3163.100 Safari/537.36','2017-10-27 09:30:39'),
	(514,1,'santiago.semhan','190.247.77.161','Mozilla/5.0 (Macintosh; Intel Mac OS X 10_13_0) AppleWebKit/537.36 (KHTML, like Gecko) Chrome/61.0.3163.100 Safari/537.36','2017-10-28 11:56:19'),
	(515,1,'santiago.semhan','190.7.28.74','Mozilla/5.0 (Macintosh; Intel Mac OS X 10_13_0) AppleWebKit/537.36 (KHTML, like Gecko) Chrome/61.0.3163.100 Safari/537.36','2017-10-30 09:45:12'),
	(516,1,'santiago.semhan','190.7.28.74','Mozilla/5.0 (Macintosh; Intel Mac OS X 10_13_0) AppleWebKit/537.36 (KHTML, like Gecko) Chrome/61.0.3163.100 Safari/537.36','2017-10-31 08:23:39'),
	(517,1,'santiago.semhan','190.7.28.74','Mozilla/5.0 (Macintosh; Intel Mac OS X 10_13_0) AppleWebKit/537.36 (KHTML, like Gecko) Chrome/61.0.3163.100 Safari/537.36','2017-10-31 08:23:42'),
	(518,3,'pablo.abuin','201.177.165.190','Mozilla/5.0 (Windows NT 6.1; Win64; x64; rv:56.0) Gecko/20100101 Firefox/56.0','2017-11-01 08:14:57'),
	(519,1,'santiago.semhan','190.7.28.74','Mozilla/5.0 (Macintosh; Intel Mac OS X 10_13_0) AppleWebKit/537.36 (KHTML, like Gecko) Chrome/61.0.3163.100 Safari/537.36','2017-11-01 09:21:37'),
	(520,1,'santiago.semhan','190.7.28.74','Mozilla/5.0 (Windows NT 10.0; Win64; x64) AppleWebKit/537.36 (KHTML, like Gecko) Chrome/61.0.3163.100 Safari/537.36','2017-11-02 07:40:21'),
	(521,1,'santiago.semhan','190.7.28.74','Mozilla/5.0 (Macintosh; Intel Mac OS X 10_13_0) AppleWebKit/537.36 (KHTML, like Gecko) Chrome/61.0.3163.100 Safari/537.36','2017-11-02 13:05:18'),
	(522,3,'pablo.abuin','179.36.0.217','Mozilla/5.0 (Windows NT 6.1; Win64; x64; rv:56.0) Gecko/20100101 Firefox/56.0','2017-11-02 14:28:28'),
	(523,3,'pablo.abuin','201.177.165.190','Mozilla/5.0 (Windows NT 6.1; Win64; x64; rv:56.0) Gecko/20100101 Firefox/56.0','2017-11-03 10:41:45'),
	(524,1,'santiago.semhan','190.7.28.74','Mozilla/5.0 (Macintosh; Intel Mac OS X 10_13_0) AppleWebKit/537.36 (KHTML, like Gecko) Chrome/61.0.3163.100 Safari/537.36','2017-11-06 07:51:29'),
	(525,3,'pablo.abuin','201.254.89.226','Mozilla/5.0 (Windows NT 6.1; Win64; x64; rv:56.0) Gecko/20100101 Firefox/56.0','2017-11-06 07:57:21'),
	(526,3,'pablo.abuin','179.36.18.28','Mozilla/5.0 (Windows NT 6.1; Win64; x64; rv:56.0) Gecko/20100101 Firefox/56.0','2017-11-06 08:50:05'),
	(527,3,'pablo.abuin','179.36.37.166','Mozilla/5.0 (Windows NT 6.1; Win64; x64; rv:56.0) Gecko/20100101 Firefox/56.0','2017-11-06 09:38:48'),
	(528,3,'pablo.abuin','179.36.37.166','Mozilla/5.0 (Windows NT 6.1; Win64; x64; rv:56.0) Gecko/20100101 Firefox/56.0','2017-11-06 11:10:26'),
	(529,3,'pablo.abuin','201.177.165.187','Mozilla/5.0 (Windows NT 6.1; Win64; x64; rv:56.0) Gecko/20100101 Firefox/56.0','2017-11-06 12:55:55'),
	(530,2,'oscar.pirelli','190.221.169.133','Mozilla/5.0 (Windows NT 6.1) AppleWebKit/537.36 (KHTML, like Gecko) Chrome/61.0.3163.100 Safari/537.36','2017-11-06 14:51:40'),
	(531,3,'pablo.abuin','201.177.165.187','Mozilla/5.0 (Windows NT 6.1; Win64; x64; rv:56.0) Gecko/20100101 Firefox/56.0','2017-11-07 08:05:09'),
	(532,1,'santiago.semhan','190.7.28.74','Mozilla/5.0 (Macintosh; Intel Mac OS X 10_13_0) AppleWebKit/537.36 (KHTML, like Gecko) Chrome/61.0.3163.100 Safari/537.36','2017-11-07 08:17:32'),
	(533,3,'pablo.abuin','201.177.165.187','Mozilla/5.0 (Windows NT 6.1; Win64; x64; rv:56.0) Gecko/20100101 Firefox/56.0','2017-11-07 09:11:41'),
	(534,3,'pablo.abuin','201.177.165.187','Mozilla/5.0 (Windows NT 6.1; Win64; x64; rv:56.0) Gecko/20100101 Firefox/56.0','2017-11-07 11:13:54'),
	(535,3,'pablo.abuin','201.177.165.187','Mozilla/5.0 (Windows NT 6.1; Win64; x64; rv:56.0) Gecko/20100101 Firefox/56.0','2017-11-07 13:48:25'),
	(536,3,'pablo.abuin','201.177.165.187','Mozilla/5.0 (Windows NT 6.1; Win64; x64; rv:56.0) Gecko/20100101 Firefox/56.0','2017-11-07 14:51:02'),
	(537,3,'pablo.abuin','170.51.32.39','Mozilla/5.0 (Linux; Android 7.0; WAS-LX3 Build/HUAWEIWAS-LX3) AppleWebKit/537.36 (KHTML, like Gecko) Chrome/61.0.3163.98 Mobile Safari/537.36','2017-11-08 01:02:29'),
	(538,3,'pablo.abuin','201.177.164.149','Mozilla/5.0 (Windows NT 6.1; Win64; x64; rv:56.0) Gecko/20100101 Firefox/56.0','2017-11-08 08:15:08'),
	(539,3,'pablo.abuin','201.177.164.149','Mozilla/5.0 (Windows NT 6.1; Win64; x64; rv:56.0) Gecko/20100101 Firefox/56.0','2017-11-08 08:59:47'),
	(540,3,'pablo.abuin','201.177.164.149','Mozilla/5.0 (Windows NT 6.1; Win64; x64; rv:56.0) Gecko/20100101 Firefox/56.0','2017-11-08 11:15:49'),
	(541,1,'santiago.semhan','190.7.28.74','Mozilla/5.0 (Macintosh; Intel Mac OS X 10_13_0) AppleWebKit/537.36 (KHTML, like Gecko) Chrome/62.0.3202.89 Safari/537.36','2017-11-08 11:40:45'),
	(542,2,'oscar.pirelli','190.8.50.70','Mozilla/5.0 (X11; Linux x86_64) AppleWebKit/537.36 (KHTML, like Gecko) Chrome/60.0.3112.101 Safari/537.36','2017-11-08 12:21:56'),
	(543,1,'santiago.semhan','181.9.163.250','Mozilla/5.0 (iPhone; CPU iPhone OS 11_1 like Mac OS X) AppleWebKit/604.3.5 (KHTML, like Gecko) Version/11.0 Mobile/15B93 Safari/604.1','2017-11-08 18:00:24'),
	(544,2,'oscar.pirelli','190.8.50.70','Mozilla/5.0 (X11; Linux x86_64) AppleWebKit/537.36 (KHTML, like Gecko) Chrome/60.0.3112.101 Safari/537.36','2017-11-08 18:56:33'),
	(545,1,'santiago.semhan','190.247.77.161','Mozilla/5.0 (iPad; CPU OS 11_1 like Mac OS X) AppleWebKit/604.3.5 (KHTML, like Gecko) Version/11.0 Mobile/15B93 Safari/604.1','2017-11-08 20:31:17'),
	(546,1,'santiago.semhan','190.7.28.74','Mozilla/5.0 (Macintosh; Intel Mac OS X 10_13_0) AppleWebKit/537.36 (KHTML, like Gecko) Chrome/62.0.3202.89 Safari/537.36','2017-11-09 08:34:03'),
	(547,3,'pablo.abuin','201.177.164.149','Mozilla/5.0 (Windows NT 6.1; Win64; x64; rv:56.0) Gecko/20100101 Firefox/56.0','2017-11-09 09:28:37'),
	(548,2,'oscar.pirelli','190.8.50.70','Mozilla/5.0 (X11; Linux x86_64) AppleWebKit/537.36 (KHTML, like Gecko) Chrome/60.0.3112.101 Safari/537.36','2017-11-09 14:06:23'),
	(549,3,'pablo.abuin','179.36.28.171','Mozilla/5.0 (Windows NT 6.1; Win64; x64; rv:56.0) Gecko/20100101 Firefox/56.0','2017-11-09 15:08:40'),
	(550,2,'oscar.pirelli','190.8.50.70','Mozilla/5.0 (X11; Linux x86_64) AppleWebKit/537.36 (KHTML, like Gecko) Chrome/60.0.3112.101 Safari/537.36','2017-11-09 20:59:00'),
	(551,3,'pablo.abuin','179.36.62.79','Mozilla/5.0 (Windows NT 6.1; Win64; x64; rv:56.0) Gecko/20100101 Firefox/56.0','2017-11-10 08:50:56'),
	(552,1,'santiago.semhan','190.7.28.74','Mozilla/5.0 (Macintosh; Intel Mac OS X 10_13_0) AppleWebKit/537.36 (KHTML, like Gecko) Chrome/62.0.3202.89 Safari/537.36','2017-11-10 10:06:06'),
	(553,2,'oscar.pirelli','186.143.137.193','Mozilla/5.0 (X11; Linux x86_64) AppleWebKit/537.36 (KHTML, like Gecko) Chrome/62.0.3202.89 Safari/537.36','2017-11-11 11:27:05'),
	(554,2,'oscar.pirelli','190.8.50.70','Mozilla/5.0 (X11; Linux x86_64) AppleWebKit/537.36 (KHTML, like Gecko) Chrome/62.0.3202.89 Safari/537.36','2017-11-11 20:27:31'),
	(555,2,'oscar.pirelli','190.8.50.70','Mozilla/5.0 (X11; Linux x86_64) AppleWebKit/537.36 (KHTML, like Gecko) Chrome/62.0.3202.89 Safari/537.36','2017-11-13 09:33:28'),
	(556,1,'santiago.semhan','190.7.28.74','Mozilla/5.0 (Macintosh; Intel Mac OS X 10_13_0) AppleWebKit/537.36 (KHTML, like Gecko) Chrome/62.0.3202.89 Safari/537.36','2017-11-13 10:22:19'),
	(557,2,'oscar.pirelli','190.8.50.70','Mozilla/5.0 (X11; Linux x86_64) AppleWebKit/537.36 (KHTML, like Gecko) Chrome/62.0.3202.89 Safari/537.36','2017-11-13 11:11:19'),
	(558,1,'santiago.semhan','190.247.77.161','Mozilla/5.0 (Macintosh; Intel Mac OS X 10_13_0) AppleWebKit/537.36 (KHTML, like Gecko) Chrome/62.0.3202.89 Safari/537.36','2017-11-13 17:41:05'),
	(559,1,'santiago.semhan','190.7.28.74','Mozilla/5.0 (Macintosh; Intel Mac OS X 10_13_1) AppleWebKit/537.36 (KHTML, like Gecko) Chrome/62.0.3202.94 Safari/537.36','2017-11-15 08:38:44'),
	(560,1,'santiago.semhan','190.7.28.74','Mozilla/5.0 (Macintosh; Intel Mac OS X 10.13; rv:57.0) Gecko/20100101 Firefox/57.0','2017-11-15 10:52:19'),
	(561,3,'pablo.abuin','179.36.45.112','Mozilla/5.0 (Windows NT 6.1; Win64; x64; rv:56.0) Gecko/20100101 Firefox/56.0','2017-11-15 12:59:01'),
	(562,3,'pablo.abuin','179.36.45.112','Mozilla/5.0 (Windows NT 6.1; Win64; x64; rv:56.0) Gecko/20100101 Firefox/56.0','2017-11-15 15:34:10'),
	(563,1,'santiago.semhan','190.247.77.161','Mozilla/5.0 (Macintosh; Intel Mac OS X 10_13_1) AppleWebKit/537.36 (KHTML, like Gecko) Chrome/62.0.3202.94 Safari/537.36','2017-11-16 21:20:59'),
	(564,2,'oscar.pirelli','190.8.50.70','Mozilla/5.0 (X11; Linux x86_64) AppleWebKit/537.36 (KHTML, like Gecko) Chrome/62.0.3202.89 Safari/537.36','2017-11-17 08:14:56'),
	(565,3,'pablo.abuin','201.254.80.14','Mozilla/5.0 (Windows NT 6.1; Win64; x64; rv:56.0) Gecko/20100101 Firefox/56.0','2017-11-17 08:16:26'),
	(566,2,'oscar.pirelli','190.8.50.70','Mozilla/5.0 (X11; Linux x86_64) AppleWebKit/537.36 (KHTML, like Gecko) Chrome/62.0.3202.89 Safari/537.36','2017-11-18 21:27:56'),
	(567,2,'oscar.pirelli','190.8.50.70','Mozilla/5.0 (X11; Linux x86_64) AppleWebKit/537.36 (KHTML, like Gecko) Chrome/62.0.3202.89 Safari/537.36','2017-11-20 10:10:49'),
	(568,2,'oscar.pirelli','190.8.50.70','Mozilla/5.0 (X11; Linux x86_64) AppleWebKit/537.36 (KHTML, like Gecko) Chrome/62.0.3202.89 Safari/537.36','2017-11-20 13:11:50'),
	(569,1,'santiago.semhan','181.9.160.232','Mozilla/5.0 (iPhone; CPU iPhone OS 11_1_2 like Mac OS X) AppleWebKit/604.3.5 (KHTML, like Gecko) Version/11.0 Mobile/15B202 Safari/604.1','2017-11-20 13:49:05'),
	(570,3,'pablo.abuin','179.36.51.239','Mozilla/5.0 (Windows NT 6.1; Win64; x64; rv:57.0) Gecko/20100101 Firefox/57.0','2017-11-21 08:36:05'),
	(571,2,'oscar.pirelli','190.8.50.70','Mozilla/5.0 (X11; Linux x86_64) AppleWebKit/537.36 (KHTML, like Gecko) Chrome/62.0.3202.89 Safari/537.36','2017-11-21 15:52:45'),
	(572,1,'santiago.semhan','190.247.77.161','Mozilla/5.0 (Macintosh; Intel Mac OS X 10_13_1) AppleWebKit/537.36 (KHTML, like Gecko) Chrome/62.0.3202.94 Safari/537.36','2017-11-21 16:26:43'),
	(573,2,'oscar.pirelli','190.8.50.70','Mozilla/5.0 (X11; Linux x86_64) AppleWebKit/537.36 (KHTML, like Gecko) Chrome/62.0.3202.89 Safari/537.36','2017-11-22 10:51:50'),
	(574,1,'santiago.semhan','190.7.28.74','Mozilla/5.0 (Macintosh; Intel Mac OS X 10_13_1) AppleWebKit/537.36 (KHTML, like Gecko) Chrome/62.0.3202.94 Safari/537.36','2017-11-22 11:25:08'),
	(575,3,'pablo.abuin','170.51.97.246','Mozilla/5.0 (Linux; Android 7.0; WAS-LX3 Build/HUAWEIWAS-LX3) AppleWebKit/537.36 (KHTML, like Gecko) Chrome/62.0.3202.84 Mobile Safari/537.36','2017-11-22 15:28:20'),
	(576,3,'pablo.abuin','200.5.203.114','Mozilla/5.0 (Windows NT 10.0; Win64; x64) AppleWebKit/537.36 (KHTML, like Gecko) Chrome/62.0.3202.94 Safari/537.36','2017-11-23 09:13:08'),
	(577,2,'oscar.pirelli','190.8.50.70','Mozilla/5.0 (X11; Linux x86_64) AppleWebKit/537.36 (KHTML, like Gecko) Chrome/62.0.3202.89 Safari/537.36','2017-11-24 09:20:11'),
	(578,1,'santiago.semhan','190.247.77.161','Mozilla/5.0 (Macintosh; Intel Mac OS X 10_13_1) AppleWebKit/537.36 (KHTML, like Gecko) Chrome/62.0.3202.94 Safari/537.36','2017-11-24 19:52:19'),
	(579,2,'oscar.pirelli','190.8.50.70','Mozilla/5.0 (X11; Linux x86_64) AppleWebKit/537.36 (KHTML, like Gecko) Chrome/62.0.3202.89 Safari/537.36','2017-11-26 01:56:34'),
	(580,2,'oscar.pirelli','190.8.50.70','Mozilla/5.0 (X11; Linux x86_64) AppleWebKit/537.36 (KHTML, like Gecko) Chrome/62.0.3202.89 Safari/537.36','2017-11-26 19:20:04'),
	(581,2,'oscar.pirelli','190.8.50.70','Mozilla/5.0 (X11; Linux x86_64) AppleWebKit/537.36 (KHTML, like Gecko) Chrome/62.0.3202.89 Safari/537.36','2017-11-27 07:42:47'),
	(582,1,'santiago.semhan','190.7.28.74','Mozilla/5.0 (Macintosh; Intel Mac OS X 10_13_1) AppleWebKit/537.36 (KHTML, like Gecko) Chrome/62.0.3202.94 Safari/537.36','2017-11-27 09:26:01'),
	(583,2,'oscar.pirelli','190.8.50.70','Mozilla/5.0 (X11; Linux x86_64) AppleWebKit/537.36 (KHTML, like Gecko) Chrome/62.0.3202.89 Safari/537.36','2017-11-27 15:37:02'),
	(584,1,'santiago.semhan','190.247.77.161','Mozilla/5.0 (Macintosh; Intel Mac OS X 10_13_1) AppleWebKit/537.36 (KHTML, like Gecko) Chrome/62.0.3202.94 Safari/537.36','2017-11-27 17:32:09'),
	(585,3,'pablo.abuin','179.36.24.209','Mozilla/5.0 (Windows NT 6.1; Win64; x64; rv:57.0) Gecko/20100101 Firefox/57.0','2017-11-28 10:15:39'),
	(586,1,'santiago.semhan','190.7.28.74','Mozilla/5.0 (Macintosh; Intel Mac OS X 10_13_1) AppleWebKit/537.36 (KHTML, like Gecko) Chrome/62.0.3202.94 Safari/537.36','2017-11-28 10:17:31'),
	(587,2,'oscar.pirelli','190.8.50.70','Mozilla/5.0 (X11; Linux x86_64) AppleWebKit/537.36 (KHTML, like Gecko) Chrome/62.0.3202.89 Safari/537.36','2017-11-29 15:27:04'),
	(588,1,'santiago.semhan','190.7.28.74','Mozilla/5.0 (Macintosh; Intel Mac OS X 10_13_1) AppleWebKit/537.36 (KHTML, like Gecko) Chrome/62.0.3202.94 Safari/537.36','2017-11-29 15:31:31'),
	(589,1,'santiago.semhan','190.7.28.74','Mozilla/5.0 (Macintosh; Intel Mac OS X 10_13_1) AppleWebKit/537.36 (KHTML, like Gecko) Chrome/62.0.3202.94 Safari/537.36','2017-11-30 13:22:07'),
	(590,1,'santiago.semhan','190.247.77.161','Mozilla/5.0 (Macintosh; Intel Mac OS X 10_13_1) AppleWebKit/537.36 (KHTML, like Gecko) Chrome/62.0.3202.94 Safari/537.36','2017-11-30 19:27:42'),
	(591,3,'pablo.abuin','179.36.25.253','Mozilla/5.0 (Windows NT 6.1; Win64; x64; rv:57.0) Gecko/20100101 Firefox/57.0','2017-12-01 12:13:55'),
	(592,1,'santiago.semhan','190.7.28.74','Mozilla/5.0 (Macintosh; Intel Mac OS X 10_13_1) AppleWebKit/537.36 (KHTML, like Gecko) Chrome/62.0.3202.94 Safari/537.36','2017-12-01 13:34:12'),
	(593,1,'santiago.semhan','190.247.77.161','Mozilla/5.0 (Macintosh; Intel Mac OS X 10_13_1) AppleWebKit/537.36 (KHTML, like Gecko) Chrome/62.0.3202.94 Safari/537.36','2017-12-04 16:09:40'),
	(594,1,'santiago.semhan','181.9.160.109','Mozilla/5.0 (iPhone; CPU iPhone OS 11_2 like Mac OS X) AppleWebKit/604.4.7 (KHTML, like Gecko) Version/11.0 Mobile/15C114 Safari/604.1','2017-12-04 20:41:59'),
	(595,2,'oscar.pirelli','190.8.50.70','Mozilla/5.0 (X11; Linux x86_64) AppleWebKit/537.36 (KHTML, like Gecko) Chrome/62.0.3202.89 Safari/537.36','2017-12-05 14:50:17'),
	(596,1,'santiago.semhan','190.247.77.161','Mozilla/5.0 (Macintosh; Intel Mac OS X 10_13_1) AppleWebKit/537.36 (KHTML, like Gecko) Chrome/62.0.3202.94 Safari/537.36','2017-12-05 19:27:42'),
	(597,1,'santiago.semhan','190.7.28.74','Mozilla/5.0 (Macintosh; Intel Mac OS X 10_13_1) AppleWebKit/537.36 (KHTML, like Gecko) Chrome/62.0.3202.94 Safari/537.36','2017-12-06 08:00:57'),
	(598,3,'pablo.abuin','179.36.47.255','Mozilla/5.0 (Windows NT 6.1; Win64; x64; rv:57.0) Gecko/20100101 Firefox/57.0','2017-12-06 08:14:06');

/*!40000 ALTER TABLE `log_authentication` ENABLE KEYS */;
UNLOCK TABLES;


# Volcado de tabla maniobra
# ------------------------------------------------------------

DROP TABLE IF EXISTS `maniobra`;

CREATE TABLE `maniobra` (
  `id` int(11) NOT NULL AUTO_INCREMENT,
  `nombre` varchar(255) COLLATE utf8_unicode_ci NOT NULL,
  PRIMARY KEY (`id`)
) ENGINE=InnoDB DEFAULT CHARSET=utf8 COLLATE=utf8_unicode_ci;



# Volcado de tabla mensaje
# ------------------------------------------------------------

DROP TABLE IF EXISTS `mensaje`;

CREATE TABLE `mensaje` (
  `id` int(11) NOT NULL AUTO_INCREMENT,
  `creado_por_id` int(11) DEFAULT NULL,
  `actualizado_por_id` int(11) DEFAULT NULL,
  `mensaje` longtext COLLATE utf8_unicode_ci NOT NULL,
  `destacado` tinyint(1) DEFAULT NULL,
  `archivado` tinyint(1) DEFAULT NULL,
  `activo` tinyint(1) NOT NULL,
  `fecha_creacion` datetime NOT NULL,
  `fecha_actualizacion` datetime NOT NULL,
  PRIMARY KEY (`id`),
  KEY `IDX_9B631D01FE35D8C4` (`creado_por_id`),
  KEY `IDX_9B631D01F6167A1C` (`actualizado_por_id`),
  CONSTRAINT `FK_9B631D01F6167A1C` FOREIGN KEY (`actualizado_por_id`) REFERENCES `fos_user` (`id`),
  CONSTRAINT `FK_9B631D01FE35D8C4` FOREIGN KEY (`creado_por_id`) REFERENCES `fos_user` (`id`)
) ENGINE=InnoDB DEFAULT CHARSET=utf8 COLLATE=utf8_unicode_ci;



# Volcado de tabla mensaje_distribucion
# ------------------------------------------------------------

DROP TABLE IF EXISTS `mensaje_distribucion`;

CREATE TABLE `mensaje_distribucion` (
  `id` int(11) NOT NULL AUTO_INCREMENT,
  `mensaje_id` int(11) DEFAULT NULL,
  `persona_id` int(11) DEFAULT NULL,
  `equipo_id` int(11) DEFAULT NULL,
  PRIMARY KEY (`id`),
  UNIQUE KEY `UNIQ_8C818CBE4C54F362` (`mensaje_id`),
  KEY `IDX_8C818CBEF5F88DB9` (`persona_id`),
  KEY `IDX_8C818CBE23BFBED` (`equipo_id`),
  CONSTRAINT `FK_8C818CBE23BFBED` FOREIGN KEY (`equipo_id`) REFERENCES `equipo` (`id`),
  CONSTRAINT `FK_8C818CBE4C54F362` FOREIGN KEY (`mensaje_id`) REFERENCES `mensaje` (`id`),
  CONSTRAINT `FK_8C818CBEF5F88DB9` FOREIGN KEY (`persona_id`) REFERENCES `persona` (`id`)
) ENGINE=InnoDB DEFAULT CHARSET=utf8 COLLATE=utf8_unicode_ci;



# Volcado de tabla mensaje_estado
# ------------------------------------------------------------

DROP TABLE IF EXISTS `mensaje_estado`;

CREATE TABLE `mensaje_estado` (
  `id` int(11) NOT NULL AUTO_INCREMENT,
  `mensaje_id` int(11) DEFAULT NULL,
  `persona_id` int(11) DEFAULT NULL,
  `creado_por_id` int(11) DEFAULT NULL,
  `actualizado_por_id` int(11) DEFAULT NULL,
  `leido` tinyint(1) NOT NULL,
  `activo` tinyint(1) NOT NULL,
  `fecha_creacion` datetime NOT NULL,
  `fecha_actualizacion` datetime NOT NULL,
  PRIMARY KEY (`id`),
  KEY `IDX_728277A94C54F362` (`mensaje_id`),
  KEY `IDX_728277A9F5F88DB9` (`persona_id`),
  KEY `IDX_728277A9FE35D8C4` (`creado_por_id`),
  KEY `IDX_728277A9F6167A1C` (`actualizado_por_id`),
  CONSTRAINT `FK_728277A94C54F362` FOREIGN KEY (`mensaje_id`) REFERENCES `mensaje` (`id`),
  CONSTRAINT `FK_728277A9F5F88DB9` FOREIGN KEY (`persona_id`) REFERENCES `persona` (`id`),
  CONSTRAINT `FK_728277A9F6167A1C` FOREIGN KEY (`actualizado_por_id`) REFERENCES `fos_user` (`id`),
  CONSTRAINT `FK_728277A9FE35D8C4` FOREIGN KEY (`creado_por_id`) REFERENCES `fos_user` (`id`)
) ENGINE=InnoDB DEFAULT CHARSET=utf8 COLLATE=utf8_unicode_ci;



# Volcado de tabla notificacion
# ------------------------------------------------------------

DROP TABLE IF EXISTS `notificacion`;

CREATE TABLE `notificacion` (
  `id` int(11) NOT NULL AUTO_INCREMENT,
  `creado_por_id` int(11) DEFAULT NULL,
  `actualizado_por_id` int(11) DEFAULT NULL,
  `notificacion` varchar(255) COLLATE utf8_unicode_ci NOT NULL,
  `prioridad` int(11) NOT NULL,
  `sistema` tinyint(1) DEFAULT NULL,
  `activo` tinyint(1) NOT NULL,
  `fecha_creacion` datetime NOT NULL,
  `fecha_actualizacion` datetime NOT NULL,
  PRIMARY KEY (`id`),
  KEY `IDX_729A19ECFE35D8C4` (`creado_por_id`),
  KEY `IDX_729A19ECF6167A1C` (`actualizado_por_id`),
  CONSTRAINT `FK_729A19ECF6167A1C` FOREIGN KEY (`actualizado_por_id`) REFERENCES `fos_user` (`id`),
  CONSTRAINT `FK_729A19ECFE35D8C4` FOREIGN KEY (`creado_por_id`) REFERENCES `fos_user` (`id`)
) ENGINE=InnoDB DEFAULT CHARSET=utf8 COLLATE=utf8_unicode_ci;



# Volcado de tabla notificacion_distribucion
# ------------------------------------------------------------

DROP TABLE IF EXISTS `notificacion_distribucion`;

CREATE TABLE `notificacion_distribucion` (
  `id` int(11) NOT NULL AUTO_INCREMENT,
  `notificacion_id` int(11) DEFAULT NULL,
  `persona_id` int(11) DEFAULT NULL,
  `equipo_id` int(11) DEFAULT NULL,
  PRIMARY KEY (`id`),
  UNIQUE KEY `UNIQ_5F4B57A44D633FC4` (`notificacion_id`),
  KEY `IDX_5F4B57A4F5F88DB9` (`persona_id`),
  KEY `IDX_5F4B57A423BFBED` (`equipo_id`),
  CONSTRAINT `FK_5F4B57A423BFBED` FOREIGN KEY (`equipo_id`) REFERENCES `equipo` (`id`),
  CONSTRAINT `FK_5F4B57A44D633FC4` FOREIGN KEY (`notificacion_id`) REFERENCES `notificacion` (`id`),
  CONSTRAINT `FK_5F4B57A4F5F88DB9` FOREIGN KEY (`persona_id`) REFERENCES `persona` (`id`)
) ENGINE=InnoDB DEFAULT CHARSET=utf8 COLLATE=utf8_unicode_ci;



# Volcado de tabla notificacion_estado
# ------------------------------------------------------------

DROP TABLE IF EXISTS `notificacion_estado`;

CREATE TABLE `notificacion_estado` (
  `id` int(11) NOT NULL AUTO_INCREMENT,
  `notificacion_id` int(11) DEFAULT NULL,
  `persona_id` int(11) DEFAULT NULL,
  `creado_por_id` int(11) DEFAULT NULL,
  `actualizado_por_id` int(11) DEFAULT NULL,
  `leido` tinyint(1) NOT NULL,
  `activo` tinyint(1) NOT NULL,
  `fecha_creacion` datetime NOT NULL,
  `fecha_actualizacion` datetime NOT NULL,
  PRIMARY KEY (`id`),
  KEY `IDX_6537CEF64D633FC4` (`notificacion_id`),
  KEY `IDX_6537CEF6F5F88DB9` (`persona_id`),
  KEY `IDX_6537CEF6FE35D8C4` (`creado_por_id`),
  KEY `IDX_6537CEF6F6167A1C` (`actualizado_por_id`),
  CONSTRAINT `FK_6537CEF64D633FC4` FOREIGN KEY (`notificacion_id`) REFERENCES `notificacion` (`id`),
  CONSTRAINT `FK_6537CEF6F5F88DB9` FOREIGN KEY (`persona_id`) REFERENCES `persona` (`id`),
  CONSTRAINT `FK_6537CEF6F6167A1C` FOREIGN KEY (`actualizado_por_id`) REFERENCES `fos_user` (`id`),
  CONSTRAINT `FK_6537CEF6FE35D8C4` FOREIGN KEY (`creado_por_id`) REFERENCES `fos_user` (`id`)
) ENGINE=InnoDB DEFAULT CHARSET=utf8 COLLATE=utf8_unicode_ci;



# Volcado de tabla novedad
# ------------------------------------------------------------

DROP TABLE IF EXISTS `novedad`;

CREATE TABLE `novedad` (
  `id` int(11) NOT NULL AUTO_INCREMENT,
  `intervencion_id` int(11) NOT NULL,
  `maniobra_id` int(11) NOT NULL,
  `creado_por_id` int(11) DEFAULT NULL,
  `actualizado_por_id` int(11) DEFAULT NULL,
  `inicio` datetime NOT NULL,
  `fin` datetime DEFAULT NULL,
  `observaciones` longtext COLLATE utf8_unicode_ci,
  `generado` int(11) NOT NULL,
  `cantidad_alertas` int(11) DEFAULT NULL,
  `parcial_maniobra` double NOT NULL,
  `promedio_uh` double NOT NULL,
  `activo` tinyint(1) NOT NULL,
  `fecha_creacion` datetime NOT NULL,
  `fecha_actualizacion` datetime NOT NULL,
  PRIMARY KEY (`id`),
  KEY `IDX_BCCADB4C2CD79A23` (`intervencion_id`),
  KEY `IDX_BCCADB4C34AD498D` (`maniobra_id`),
  KEY `IDX_BCCADB4CFE35D8C4` (`creado_por_id`),
  KEY `IDX_BCCADB4CF6167A1C` (`actualizado_por_id`),
  CONSTRAINT `FK_BCCADB4C2CD79A23` FOREIGN KEY (`intervencion_id`) REFERENCES `intervencion` (`id`),
  CONSTRAINT `FK_BCCADB4C34AD498D` FOREIGN KEY (`maniobra_id`) REFERENCES `maniobra` (`id`),
  CONSTRAINT `FK_BCCADB4CF6167A1C` FOREIGN KEY (`actualizado_por_id`) REFERENCES `fos_user` (`id`),
  CONSTRAINT `FK_BCCADB4CFE35D8C4` FOREIGN KEY (`creado_por_id`) REFERENCES `fos_user` (`id`)
) ENGINE=InnoDB DEFAULT CHARSET=utf8 COLLATE=utf8_unicode_ci;



# Volcado de tabla pais
# ------------------------------------------------------------

DROP TABLE IF EXISTS `pais`;

CREATE TABLE `pais` (
  `id` int(11) NOT NULL AUTO_INCREMENT,
  `descripcion` varchar(255) COLLATE utf8_unicode_ci NOT NULL,
  `codigo_pais` int(11) NOT NULL,
  PRIMARY KEY (`id`)
) ENGINE=InnoDB DEFAULT CHARSET=utf8 COLLATE=utf8_unicode_ci;

LOCK TABLES `pais` WRITE;
/*!40000 ALTER TABLE `pais` DISABLE KEYS */;

INSERT INTO `pais` (`id`, `descripcion`, `codigo_pais`)
VALUES
	(1,'Argentina',54),
	(2,'Brasil',55);

/*!40000 ALTER TABLE `pais` ENABLE KEYS */;
UNLOCK TABLES;


# Volcado de tabla persona
# ------------------------------------------------------------

DROP TABLE IF EXISTS `persona`;

CREATE TABLE `persona` (
  `id` int(11) NOT NULL AUTO_INCREMENT,
  `compania_id` int(11) DEFAULT NULL,
  `usuario_id` int(11) DEFAULT NULL,
  `creado_por_id` int(11) DEFAULT NULL,
  `actualizado_por_id` int(11) DEFAULT NULL,
  `nombre` varchar(150) COLLATE utf8_unicode_ci NOT NULL,
  `apellido` varchar(50) COLLATE utf8_unicode_ci NOT NULL,
  `sexo` varchar(50) COLLATE utf8_unicode_ci NOT NULL,
  `telefono_principal` varchar(50) COLLATE utf8_unicode_ci NOT NULL,
  `telefono_secundario` varchar(50) COLLATE utf8_unicode_ci DEFAULT NULL,
  `cargo` varchar(50) COLLATE utf8_unicode_ci NOT NULL,
  `activo` tinyint(1) NOT NULL,
  `fecha_creacion` datetime NOT NULL,
  `fecha_actualizacion` datetime NOT NULL,
  PRIMARY KEY (`id`),
  UNIQUE KEY `UNIQ_51E5B69BDB38439E` (`usuario_id`),
  KEY `IDX_51E5B69B12A65948` (`compania_id`),
  KEY `IDX_51E5B69BFE35D8C4` (`creado_por_id`),
  KEY `IDX_51E5B69BF6167A1C` (`actualizado_por_id`),
  CONSTRAINT `FK_51E5B69B12A65948` FOREIGN KEY (`compania_id`) REFERENCES `compania` (`id`),
  CONSTRAINT `FK_51E5B69BDB38439E` FOREIGN KEY (`usuario_id`) REFERENCES `fos_user` (`id`),
  CONSTRAINT `FK_51E5B69BF6167A1C` FOREIGN KEY (`actualizado_por_id`) REFERENCES `fos_user` (`id`),
  CONSTRAINT `FK_51E5B69BFE35D8C4` FOREIGN KEY (`creado_por_id`) REFERENCES `fos_user` (`id`)
) ENGINE=InnoDB DEFAULT CHARSET=utf8 COLLATE=utf8_unicode_ci;

LOCK TABLES `persona` WRITE;
/*!40000 ALTER TABLE `persona` DISABLE KEYS */;

INSERT INTO `persona` (`id`, `compania_id`, `usuario_id`, `creado_por_id`, `actualizado_por_id`, `nombre`, `apellido`, `sexo`, `telefono_principal`, `telefono_secundario`, `cargo`, `activo`, `fecha_creacion`, `fecha_actualizacion`)
VALUES
	(1,1,1,1,1,'Santiago','Semhan','M','3764331302',NULL,'Desarrollador',1,'2017-04-27 10:00:00','2017-04-27 10:00:00'),
	(2,1,2,1,1,'Oscar','Pirelli','M','54 9 297 536-8659',NULL,'desarrollador',1,'2017-05-26 15:15:48','2017-05-26 15:15:48'),
	(3,1,3,1,1,'Pablo','Abuin','M','54 9 297 461-0068',NULL,'Desarrollador',1,'2017-06-01 11:33:40','2017-06-01 11:33:40'),
	(4,3,4,1,1,'Fernando','Figueroa','M','+54 9 2975947954',NULL,'Líder Pulling',1,'2017-06-16 12:55:14','2017-06-17 02:49:23'),
	(5,3,5,1,1,'Isaac','Julian','M','+54 9 2974057110',NULL,'Líder Pulling',1,'2017-06-16 13:04:37','2017-06-19 11:00:44'),
	(6,3,6,1,1,'Miguel','Colla','M','00000000000',NULL,'Gerente de Well Service',1,'2017-06-19 12:40:13','2017-06-19 12:40:13'),
	(7,1,7,1,1,'test','test','M','123456',NULL,'tester',1,'2017-07-01 12:38:24','2017-07-01 12:38:24'),
	(8,2,8,1,1,'Carlos','Moure','M','-',NULL,'Superintendente de Pulling',1,'2017-09-12 12:28:42','2017-09-12 12:28:42'),
	(9,2,9,1,1,'Juan','Gongora','M','-',NULL,'-',1,'2017-09-14 12:08:46','2017-09-14 12:08:46');

/*!40000 ALTER TABLE `persona` ENABLE KEYS */;
UNLOCK TABLES;


# Volcado de tabla pozo
# ------------------------------------------------------------

DROP TABLE IF EXISTS `pozo`;

CREATE TABLE `pozo` (
  `id` int(11) NOT NULL AUTO_INCREMENT,
  `yacimiento_id` int(11) NOT NULL,
  `creado_por_id` int(11) DEFAULT NULL,
  `actualizado_por_id` int(11) DEFAULT NULL,
  `nombre` varchar(255) COLLATE utf8_unicode_ci NOT NULL,
  `acronimo` varchar(25) COLLATE utf8_unicode_ci NOT NULL,
  `profundidad` varchar(10) COLLATE utf8_unicode_ci NOT NULL,
  `sistema_extraccion` varchar(50) COLLATE utf8_unicode_ci NOT NULL,
  `latitud` varchar(50) COLLATE utf8_unicode_ci NOT NULL,
  `longitud` varchar(50) COLLATE utf8_unicode_ci NOT NULL,
  `activo` tinyint(1) NOT NULL,
  `fecha_creacion` datetime NOT NULL,
  `fecha_actualizacion` datetime NOT NULL,
  PRIMARY KEY (`id`),
  KEY `IDX_12D1E281AC9A279` (`yacimiento_id`),
  KEY `IDX_12D1E28FE35D8C4` (`creado_por_id`),
  KEY `IDX_12D1E28F6167A1C` (`actualizado_por_id`),
  CONSTRAINT `FK_12D1E281AC9A279` FOREIGN KEY (`yacimiento_id`) REFERENCES `yacimiento` (`id`),
  CONSTRAINT `FK_12D1E28F6167A1C` FOREIGN KEY (`actualizado_por_id`) REFERENCES `fos_user` (`id`),
  CONSTRAINT `FK_12D1E28FE35D8C4` FOREIGN KEY (`creado_por_id`) REFERENCES `fos_user` (`id`)
) ENGINE=InnoDB DEFAULT CHARSET=utf8 COLLATE=utf8_unicode_ci;

LOCK TABLES `pozo` WRITE;
/*!40000 ALTER TABLE `pozo` DISABLE KEYS */;

INSERT INTO `pozo` (`id`, `yacimiento_id`, `creado_por_id`, `actualizado_por_id`, `nombre`, `acronimo`, `profundidad`, `sistema_extraccion`, `latitud`, `longitud`, `activo`, `fecha_creacion`, `fecha_actualizacion`)
VALUES
	(1,1,2,3,'Pozo Sistema 301','ISL301','0','','-46.069908','-68.863693',1,'2017-07-12 09:39:14','2017-07-26 09:44:30'),
	(2,1,2,2,'Pozo Sistema 075','ISL075','0','','-45.866666','-67.522583',1,'2017-07-17 09:42:20','2017-07-17 09:42:20');

/*!40000 ALTER TABLE `pozo` ENABLE KEYS */;
UNLOCK TABLES;


# Volcado de tabla provincia
# ------------------------------------------------------------

DROP TABLE IF EXISTS `provincia`;

CREATE TABLE `provincia` (
  `id` int(11) NOT NULL AUTO_INCREMENT,
  `pais_id` int(11) NOT NULL,
  `descripcion` varchar(255) COLLATE utf8_unicode_ci NOT NULL,
  `codigo` int(11) DEFAULT NULL,
  PRIMARY KEY (`id`),
  KEY `IDX_D39AF213C604D5C6` (`pais_id`),
  CONSTRAINT `FK_D39AF213C604D5C6` FOREIGN KEY (`pais_id`) REFERENCES `pais` (`id`)
) ENGINE=InnoDB DEFAULT CHARSET=utf8 COLLATE=utf8_unicode_ci;

LOCK TABLES `provincia` WRITE;
/*!40000 ALTER TABLE `provincia` DISABLE KEYS */;

INSERT INTO `provincia` (`id`, `pais_id`, `descripcion`, `codigo`)
VALUES
	(1,1,'Buenos Aires',NULL),
	(2,1,'Buenos Aires-GBA',NULL),
	(3,1,'Capital Federal',NULL),
	(4,1,'Catamarca',NULL),
	(5,1,'Chaco',NULL),
	(6,1,'Chubut',NULL),
	(7,1,'Córdoba',NULL),
	(8,1,'Corrientes',NULL),
	(9,1,'Entre Ríos',NULL),
	(10,1,'Formosa',NULL),
	(11,1,'Jujuy',NULL),
	(12,1,'La Pampa',NULL),
	(13,1,'La Rioja',NULL),
	(14,1,'Mendoza',NULL),
	(15,1,'Misiones',NULL),
	(16,1,'Neuquén',NULL),
	(17,1,'Río Negro',NULL),
	(18,1,'Salta',NULL),
	(19,1,'San Juan',NULL),
	(20,1,'San Luis',NULL),
	(21,1,'Santa Cruz',NULL),
	(22,1,'Santa Fe',NULL),
	(23,1,'Santiago del Estero',NULL),
	(24,1,'Tierra del Fuego',NULL),
	(25,1,'Tucumán',NULL);

/*!40000 ALTER TABLE `provincia` ENABLE KEYS */;
UNLOCK TABLES;


# Volcado de tabla recurso
# ------------------------------------------------------------

DROP TABLE IF EXISTS `recurso`;

CREATE TABLE `recurso` (
  `id` int(11) NOT NULL AUTO_INCREMENT,
  `tipo_recurso` int(11) NOT NULL,
  `creado_por_id` int(11) DEFAULT NULL,
  `actualizado_por_id` int(11) DEFAULT NULL,
  `recurso` varchar(255) COLLATE utf8_unicode_ci NOT NULL,
  `objeto_id` int(11) NOT NULL,
  `url` varchar(500) COLLATE utf8_unicode_ci NOT NULL,
  `nombre_archivo` varchar(255) COLLATE utf8_unicode_ci NOT NULL,
  `extension` varchar(10) COLLATE utf8_unicode_ci NOT NULL,
  `observaciones` varchar(500) COLLATE utf8_unicode_ci DEFAULT NULL,
  `activo` tinyint(1) NOT NULL,
  `fecha_creacion` datetime NOT NULL,
  `fecha_actualizacion` datetime NOT NULL,
  PRIMARY KEY (`id`),
  KEY `IDX_B2BB3764A14216C4` (`tipo_recurso`),
  KEY `IDX_B2BB3764FE35D8C4` (`creado_por_id`),
  KEY `IDX_B2BB3764F6167A1C` (`actualizado_por_id`),
  CONSTRAINT `FK_B2BB3764A14216C4` FOREIGN KEY (`tipo_recurso`) REFERENCES `tipo_recurso` (`id`),
  CONSTRAINT `FK_B2BB3764F6167A1C` FOREIGN KEY (`actualizado_por_id`) REFERENCES `fos_user` (`id`),
  CONSTRAINT `FK_B2BB3764FE35D8C4` FOREIGN KEY (`creado_por_id`) REFERENCES `fos_user` (`id`)
) ENGINE=InnoDB DEFAULT CHARSET=utf8 COLLATE=utf8_unicode_ci;



# Volcado de tabla sessions
# ------------------------------------------------------------

DROP TABLE IF EXISTS `sessions`;

CREATE TABLE `sessions` (
  `sess_id` varbinary(128) NOT NULL,
  `sess_data` blob NOT NULL,
  `sess_time` int(10) unsigned NOT NULL,
  `sess_lifetime` mediumint(9) NOT NULL,
  PRIMARY KEY (`sess_id`)
) ENGINE=InnoDB DEFAULT CHARSET=utf8 COLLATE=utf8_bin;

LOCK TABLES `sessions` WRITE;
/*!40000 ALTER TABLE `sessions` DISABLE KEYS */;

INSERT INTO `sessions` (`sess_id`, `sess_data`, `sess_time`, `sess_lifetime`)
VALUES
	(X'3034613237383430343561663630333631346465616461346539343364626531',X'5F7366325F617474726962757465737C613A313A7B733A32363A225F73656375726974792E6D61696E2E7461726765745F70617468223B733A32373A2268747470733A2F2F6170702E7061726473726C2E636F6D2E61722F223B7D5F7366325F6D6574617C613A333A7B733A313A2275223B693A313531323535333538323B733A313A2263223B693A313531323535333538323B733A313A226C223B733A353A223231363030223B7D',1512553582,21600),
	(X'3037333432646139373636373130343631346364366338393231333664316132',X'5F7366325F617474726962757465737C613A313A7B733A32363A225F73656375726974792E6D61696E2E7461726765745F70617468223B733A32373A2268747470733A2F2F6170702E7061726473726C2E636F6D2E61722F223B7D5F7366325F6D6574617C613A333A7B733A313A2275223B693A313531323535323638313B733A313A2263223B693A313531323535323638313B733A313A226C223B733A353A223231363030223B7D',1512552681,21600),
	(X'3038333233396266346466663465363466373432626534356133363436633732',X'5F7366325F617474726962757465737C613A313A7B733A32343A225F637372662F68747470732D61757468656E746963617465223B733A34333A224D304B655342683761734B6A6C524C75784C424F38516930663279414930745A725443356D64464F4B4538223B7D5F7366325F6D6574617C613A333A7B733A313A2275223B693A313531323535313738313B733A313A2263223B693A313531323535313738313B733A313A226C223B733A353A223231363030223B7D',1512551781,21600),
	(X'3038393762356236366531323835636265373064313064633730623535623236',X'5F7366325F617474726962757465737C613A313A7B733A32343A225F637372662F68747470732D61757468656E746963617465223B733A34333A227933536E713237686A64766479306B727763324E56486C547453674E7442413873796B775F365A79432D77223B7D5F7366325F6D6574617C613A333A7B733A313A2275223B693A313531323535303838313B733A313A2263223B693A313531323535303838313B733A313A226C223B733A353A223231363030223B7D',1512550881,21600),
	(X'3061646462616566646430633032383730616638333932393737393936326165',X'5F7366325F617474726962757465737C613A313A7B733A32343A225F637372662F68747470732D61757468656E746963617465223B733A34333A2271325043783765344C356456567763314E36775A354541375049325653655F4A7843437230397854763359223B7D5F7366325F6D6574617C613A333A7B733A313A2275223B693A313531323534343538323B733A313A2263223B693A313531323534343538323B733A313A226C223B733A353A223231363030223B7D',1512544582,21600),
	(X'3131633265316235623733333665626131623636373331353531646339666530',X'5F7366325F617474726962757465737C613A313A7B733A32363A225F73656375726974792E6D61696E2E7461726765745F70617468223B733A32373A2268747470733A2F2F6170702E7061726473726C2E636F6D2E61722F223B7D5F7366325F6D6574617C613A333A7B733A313A2275223B693A313531323534323738313B733A313A2263223B693A313531323534323738313B733A313A226C223B733A353A223231363030223B7D',1512542781,21600),
	(X'3162343437666561333463653237653137633933613466313261613739656365',X'5F7366325F617474726962757465737C613A313A7B733A32363A225F73656375726974792E6D61696E2E7461726765745F70617468223B733A32373A2268747470733A2F2F6170702E7061726473726C2E636F6D2E61722F223B7D5F7366325F6D6574617C613A333A7B733A313A2275223B693A313531323534343538323B733A313A2263223B693A313531323534343538323B733A313A226C223B733A353A223231363030223B7D',1512544582,21600),
	(X'3162396433333162646161323263376431626365303463633236323631643765',X'5F7366325F617474726962757465737C613A313A7B733A32363A225F73656375726974792E6D61696E2E7461726765745F70617468223B733A32373A2268747470733A2F2F6170702E7061726473726C2E636F6D2E61722F223B7D5F7366325F6D6574617C613A333A7B733A313A2275223B693A313531323534393938313B733A313A2263223B693A313531323534393938313B733A313A226C223B733A353A223231363030223B7D',1512549981,21600),
	(X'3163356537653930316236366162313333353332393037353737333831363534',X'5F7366325F617474726962757465737C613A313A7B733A32363A225F73656375726974792E6D61696E2E7461726765745F70617468223B733A32373A2268747470733A2F2F6170702E7061726473726C2E636F6D2E61722F223B7D5F7366325F6D6574617C613A333A7B733A313A2275223B693A313531323534303938313B733A313A2263223B693A313531323534303938313B733A313A226C223B733A353A223231363030223B7D',1512540981,21600),
	(X'3165316237336265623061393033643231396366373135343131623838306639',X'5F7366325F617474726962757465737C613A313A7B733A32363A225F73656375726974792E6D61696E2E7461726765745F70617468223B733A32373A2268747470733A2F2F6170702E7061726473726C2E636F6D2E61722F223B7D5F7366325F6D6574617C613A333A7B733A313A2275223B693A313531323534303038323B733A313A2263223B693A313531323534303038323B733A313A226C223B733A353A223231363030223B7D',1512540082,21600),
	(X'3233366664323161666461336165343636656139323033303935616162346564',X'5F7366325F617474726962757465737C613A313A7B733A32363A225F73656375726974792E6D61696E2E7461726765745F70617468223B733A32373A2268747470733A2F2F6170702E7061726473726C2E636F6D2E61722F223B7D5F7366325F6D6574617C613A333A7B733A313A2275223B693A313531323534333638313B733A313A2263223B693A313531323534333638313B733A313A226C223B733A353A223231363030223B7D',1512543681,21600),
	(X'3237393163383333616538393739643636303733363966306264383236643232',X'5F7366325F617474726962757465737C613A313A7B733A32343A225F637372662F68747470732D61757468656E746963617465223B733A34333A2259555A5870776C702D39534535453347434877384237344F55706371744858373567334F695F7539644351223B7D5F7366325F6D6574617C613A333A7B733A313A2275223B693A313531323534383138323B733A313A2263223B693A313531323534383138323B733A313A226C223B733A353A223231363030223B7D',1512548182,21600),
	(X'3263333666346131316138303334303530323836623065396535646362383832',X'5F7366325F617474726962757465737C613A313A7B733A32343A225F637372662F68747470732D61757468656E746963617465223B733A34333A226E534A3539746461336B5859616C534E7358737673544559704867787254467162316A53544B5A33687349223B7D5F7366325F6D6574617C613A333A7B733A313A2275223B693A313531323533373338323B733A313A2263223B693A313531323533373338323B733A313A226C223B733A353A223231363030223B7D',1512537382,21600),
	(X'3264613863376136303062303261393834333133333031356632656532343261',X'5F7366325F617474726962757465737C613A313A7B733A32343A225F637372662F68747470732D61757468656E746963617465223B733A34333A22416F664F6E6131306D356C6B4D74645237453074455F50734F33634B4B6A467A346364505A303664783349223B7D5F7366325F6D6574617C613A333A7B733A313A2275223B693A313531323534353438323B733A313A2263223B693A313531323534353438323B733A313A226C223B733A353A223231363030223B7D',1512545482,21600),
	(X'3333336665643636643535613061363462633531333436313238326565656430',X'5F7366325F617474726962757465737C613A313A7B733A32343A225F637372662F68747470732D61757468656E746963617465223B733A34333A224F374C6D546B6A63565A497838734B354A6152454546315F646562746670747070384541415344727A7234223B7D5F7366325F6D6574617C613A333A7B733A313A2275223B693A313531323534333638323B733A313A2263223B693A313531323534333638323B733A313A226C223B733A353A223231363030223B7D',1512543682,21600),
	(X'3333636462363763656438323563303865353737303734623666373561376334',X'5F7366325F617474726962757465737C613A313A7B733A32343A225F637372662F68747470732D61757468656E746963617465223B733A34333A22307234637349517539674775396A6D4661514661635741376839386235364862426E6151496C3379566B51223B7D5F7366325F6D6574617C613A333A7B733A313A2275223B693A313531323533383238323B733A313A2263223B693A313531323533383238323B733A313A226C223B733A353A223231363030223B7D',1512538282,21600),
	(X'3339613434346464653533336261316166323765656238373030363831333766',X'5F7366325F617474726962757465737C613A313A7B733A32343A225F637372662F68747470732D61757468656E746963617465223B733A34333A227831565F534266694B674B434D39736452434F38734641424A4D63616C5F4F586D50705443754B314D4A77223B7D5F7366325F6D6574617C613A333A7B733A313A2275223B693A313531323534303938313B733A313A2263223B693A313531323534303938313B733A313A226C223B733A353A223231363030223B7D',1512540981,21600),
	(X'3365643239306434626663323434343839346464326234613938373639656265',X'5F7366325F617474726962757465737C613A313A7B733A32343A225F637372662F68747470732D61757468656E746963617465223B733A34333A2273683465316A4A6F6B7631733246576F7A526E36687963495F31735F74502D4842515064766D5457766C38223B7D5F7366325F6D6574617C613A333A7B733A313A2275223B693A313531323535373138323B733A313A2263223B693A313531323535373138323B733A313A226C223B733A353A223231363030223B7D',1512557182,21600),
	(X'3437636238663765633632633266666639643430653362633766346133393430',X'5F7366325F617474726962757465737C613A313A7B733A32363A225F73656375726974792E6D61696E2E7461726765745F70617468223B733A32373A2268747470733A2F2F6170702E7061726473726C2E636F6D2E61722F223B7D5F7366325F6D6574617C613A333A7B733A313A2275223B693A313531323534353438323B733A313A2263223B693A313531323534353438323B733A313A226C223B733A353A223231363030223B7D',1512545482,21600),
	(X'3463646163326236653136313635636562306666323738653938303334363437',X'5F7366325F617474726962757465737C613A313A7B733A32343A225F637372662F68747470732D61757468656E746963617465223B733A34333A22366778555A486B6F4C72334E75537745305930797666674B356548544737484831614754614F4B45385430223B7D5F7366325F6D6574617C613A333A7B733A313A2275223B693A313531323535333538323B733A313A2263223B693A313531323535333538323B733A313A226C223B733A353A223231363030223B7D',1512553582,21600),
	(X'3530316164636436663561376439376630346566393162396432623730393639',X'5F7366325F617474726962757465737C613A313A7B733A32363A225F73656375726974792E6D61696E2E7461726765745F70617468223B733A32373A2268747470733A2F2F6170702E7061726473726C2E636F6D2E61722F223B7D5F7366325F6D6574617C613A333A7B733A313A2275223B693A313531323534393038323B733A313A2263223B693A313531323534393038323B733A313A226C223B733A353A223231363030223B7D',1512549082,21600),
	(X'3530616661366663653663663035346538376539323431646261316633326364',X'5F7366325F617474726962757465737C613A313A7B733A32343A225F637372662F68747470732D61757468656E746963617465223B733A34333A224775623239416A5167592D413843795F34717A4D4B666C6D516D35664C4275764E4E74344C5A384B5F4951223B7D5F7366325F6D6574617C613A333A7B733A313A2275223B693A313531323534393938313B733A313A2263223B693A313531323534393938313B733A313A226C223B733A353A223231363030223B7D',1512549981,21600),
	(X'3535643437323436653366376535626336356365646363333031336433393737',X'5F7366325F617474726962757465737C613A313A7B733A32363A225F73656375726974792E6D61696E2E7461726765745F70617468223B733A32373A2268747470733A2F2F6170702E7061726473726C2E636F6D2E61722F223B7D5F7366325F6D6574617C613A333A7B733A313A2275223B693A313531323535303838313B733A313A2263223B693A313531323535303838313B733A313A226C223B733A353A223231363030223B7D',1512550881,21600),
	(X'3561343732373561613866326533393833303961613334363239393538656337',X'5F7366325F617474726962757465737C613A313A7B733A32343A225F637372662F68747470732D61757468656E746963617465223B733A34333A22346A6C39704E4E6F764C53774F74666A3744724E456A63372D33487479516A48706C596731634548434173223B7D5F7366325F6D6574617C613A333A7B733A313A2275223B693A313531323534373238323B733A313A2263223B693A313531323534373238323B733A313A226C223B733A353A223231363030223B7D',1512547282,21600),
	(X'3635323435356539373762356230353532316333383363646665396237313561',X'5F7366325F617474726962757465737C613A313A7B733A32363A225F73656375726974792E6D61696E2E7461726765745F70617468223B733A32373A2268747470733A2F2F6170702E7061726473726C2E636F6D2E61722F223B7D5F7366325F6D6574617C613A333A7B733A313A2275223B693A313531323535343438323B733A313A2263223B693A313531323535343438323B733A313A226C223B733A353A223231363030223B7D',1512554482,21600),
	(X'3636383363626362653034666535366636313237663137633433636536356561',X'5F7366325F617474726962757465737C613A313A7B733A32363A225F73656375726974792E6D61696E2E7461726765745F70617468223B733A32373A2268747470733A2F2F6170702E7061726473726C2E636F6D2E61722F223B7D5F7366325F6D6574617C613A333A7B733A313A2275223B693A313531323535363238313B733A313A2263223B693A313531323535363238313B733A313A226C223B733A353A223231363030223B7D',1512556281,21600),
	(X'3665376131656431626165326135343131663931356463366438326435333135',X'5F7366325F617474726962757465737C613A313A7B733A32343A225F637372662F68747470732D61757468656E746963617465223B733A34333A22365F502D4D6B3867424B72574C585232766B5830444C68334F4E4C744B66714B43325A436E33685F315849223B7D5F7366325F6D6574617C613A333A7B733A313A2275223B693A313531323534313838323B733A313A2263223B693A313531323534313838323B733A313A226C223B733A353A223231363030223B7D',1512541882,21600),
	(X'3666646435393361313035313864396661616661316161656330343033336364',X'5F7366325F617474726962757465737C613A313A7B733A32343A225F637372662F68747470732D61757468656E746963617465223B733A34333A22663577303466473871686C756955754237496B667962696D4543557A566B7A6C6375374E49415043572D67223B7D5F7366325F6D6574617C613A333A7B733A313A2275223B693A313531323535383038313B733A313A2263223B693A313531323535383038313B733A313A226C223B733A353A223231363030223B7D',1512558081,21600),
	(X'3761373365636664323537653130663761313536643432346562363933333334',X'5F7366325F617474726962757465737C613A313A7B733A32343A225F637372662F68747470732D61757468656E746963617465223B733A34333A2238664D64575350524970314C39645442655F5A736732307457756F34767A764B7573394177323646397067223B7D5F7366325F6D6574617C613A333A7B733A313A2275223B693A313531323534363338313B733A313A2263223B693A313531323534363338313B733A313A226C223B733A353A223231363030223B7D',1512546381,21600),
	(X'3833313036316231653430626362323131333139353164366631666563663366',X'5F7366325F617474726962757465737C613A313A7B733A32343A225F637372662F68747470732D61757468656E746963617465223B733A34333A2262497264334449395876774D576C4A37554446705830696D7A3866664E6853486E4754646439467031324D223B7D5F7366325F6D6574617C613A333A7B733A313A2275223B693A313531323534303038323B733A313A2263223B693A313531323534303038323B733A313A226C223B733A353A223231363030223B7D',1512540082,21600),
	(X'3837623364633837626632383037323761326165386334386561633964326165',X'5F7366325F617474726962757465737C613A313A7B733A32363A225F73656375726974792E6D61696E2E7461726765745F70617468223B733A32373A2268747470733A2F2F6170702E7061726473726C2E636F6D2E61722F223B7D5F7366325F6D6574617C613A333A7B733A313A2275223B693A313531323534373238313B733A313A2263223B693A313531323534373238313B733A313A226C223B733A353A223231363030223B7D',1512547281,21600),
	(X'3861333663396131383431393235636132396130333732336534363532623164',X'5F7366325F617474726962757465737C613A313A7B733A32343A225F637372662F68747470732D61757468656E746963617465223B733A34333A226C724E7A677843653764786F6153494E474873675631436153516B3964326D35374D61646B454676437755223B7D5F7366325F6D6574617C613A333A7B733A313A2275223B693A313531323535353338323B733A313A2263223B693A313531323535353338323B733A313A226C223B733A353A223231363030223B7D',1512555382,21600),
	(X'3864313430333165366234633666643963356131623535623532303162643134',X'5F7366325F617474726962757465737C613A313A7B733A32343A225F637372662F68747470732D61757468656E746963617465223B733A34333A224E6F654E30695A37594951744579417450424F65385561384C76697A6D3748747951546F6336707A626D73223B7D5F7366325F6D6574617C613A333A7B733A313A2275223B693A313531323535323638313B733A313A2263223B693A313531323535323638313B733A313A226C223B733A353A223231363030223B7D',1512552682,21600),
	(X'3864346264386130303363613034363832383232366331653135613630356130',X'5F7366325F617474726962757465737C613A313A7B733A32363A225F73656375726974792E6D61696E2E7461726765745F70617468223B733A32373A2268747470733A2F2F6170702E7061726473726C2E636F6D2E61722F223B7D5F7366325F6D6574617C613A333A7B733A313A2275223B693A313531323534363338313B733A313A2263223B693A313531323534363338313B733A313A226C223B733A353A223231363030223B7D',1512546381,21600),
	(X'3864633435326563613530653336376432306239643639623265353039353536',X'5F7366325F617474726962757465737C613A313A7B733A32363A225F73656375726974792E6D61696E2E7461726765745F70617468223B733A32373A2268747470733A2F2F6170702E7061726473726C2E636F6D2E61722F223B7D5F7366325F6D6574617C613A333A7B733A313A2275223B693A313531323535353338323B733A313A2263223B693A313531323535353338323B733A313A226C223B733A353A223231363030223B7D',1512555382,21600),
	(X'3865383634623930613638353232333337303039343138366466646361646635',X'5F7366325F617474726962757465737C613A313A7B733A32343A225F637372662F68747470732D61757468656E746963617465223B733A34333A2256365F766B5F5F353739514F6E6C687335564F716A4773646A345257344D794547794A365468446A44484D223B7D5F7366325F6D6574617C613A333A7B733A313A2275223B693A313531323534393038323B733A313A2263223B693A313531323534393038323B733A313A226C223B733A353A223231363030223B7D',1512549082,21600),
	(X'3938613437356632636533303664393864353662386261623634323461613236',X'5F7366325F617474726962757465737C613A313A7B733A32363A225F73656375726974792E6D61696E2E7461726765745F70617468223B733A32373A2268747470733A2F2F6170702E7061726473726C2E636F6D2E61722F223B7D5F7366325F6D6574617C613A333A7B733A313A2275223B693A313531323534383138323B733A313A2263223B693A313531323534383138323B733A313A226C223B733A353A223231363030223B7D',1512548182,21600),
	(X'3963376131663033386637643138356534346234663636613965666565303431',X'5F7366325F617474726962757465737C613A333A7B733A32343A225F637372662F68747470732D61757468656E746963617465223B733A34333A224855396E786C4C54375864475F724B413171594777527A4E327149363366694456624A6C685133596B7438223B733A31343A225F73656375726974795F6D61696E223B733A3639383A22433A37343A2253796D666F6E795C436F6D706F6E656E745C53656375726974795C436F72655C41757468656E7469636174696F6E5C546F6B656E5C557365726E616D6550617373776F7264546F6B656E223A3631303A7B613A333A7B693A303B4E3B693A313B733A343A226D61696E223B693A323B733A3537303A22613A343A7B693A303B433A32383A225573756172696F42756E646C655C456E746974795C5573756172696F223A3232363A7B613A383A7B693A303B733A36303A222432792431332444567969784A5866636D484967396473386C2F7A662E477A4D73634441416F69587858644A366A5232387458355770535030586543223B693A313B4E3B693A323B733A31353A2273616E746961676F2E73656D68616E223B693A333B733A31353A2273616E746961676F2E73656D68616E223B693A343B623A313B693A353B693A313B693A363B733A32343A2273616E746961676F73656D68616E40676D61696C2E636F6D223B693A373B733A32343A2273616E746961676F73656D68616E40676D61696C2E636F6D223B7D7D693A313B623A313B693A323B613A323A7B693A303B4F3A34313A2253796D666F6E795C436F6D706F6E656E745C53656375726974795C436F72655C526F6C655C526F6C65223A313A7B733A34373A220053796D666F6E795C436F6D706F6E656E745C53656375726974795C436F72655C526F6C655C526F6C6500726F6C65223B733A31363A22524F4C455F53555045525F41444D494E223B7D693A313B4F3A34313A2253796D666F6E795C436F6D706F6E656E745C53656375726974795C436F72655C526F6C655C526F6C65223A313A7B733A34373A220053796D666F6E795C436F6D706F6E656E745C53656375726974795C436F72655C526F6C655C526F6C6500726F6C65223B733A393A22524F4C455F55534552223B7D7D693A333B613A303A7B7D7D223B7D7D223B733A36303A225F637372662F68747470732D6170705F62756E646C655F65737461646973746963615F67656E6572616C5F66656368615F66696C7465725F74797065223B733A34333A2269464B5837685F754131574B58707732644670676C4869466C4344484E426136747A424D5F426A53696A51223B7D5F7366325F6D6574617C613A333A7B733A313A2275223B693A313531323535383237373B733A313A2263223B693A313531323535383035373B733A313A226C223B733A353A223231363030223B7D',1512558278,21600),
	(X'3963646436376637353331396233363336356165653534353830316639623963',X'5F7366325F617474726962757465737C613A313A7B733A32363A225F73656375726974792E6D61696E2E7461726765745F70617468223B733A32373A2268747470733A2F2F6170702E7061726473726C2E636F6D2E61722F223B7D5F7366325F6D6574617C613A333A7B733A313A2275223B693A313531323533383238323B733A313A2263223B693A313531323533383238323B733A313A226C223B733A353A223231363030223B7D',1512538282,21600),
	(X'6236336161396136343539373233313063346230653063356163643261313232',X'5F7366325F617474726962757465737C613A333A7B733A32343A225F637372662F68747470732D61757468656E746963617465223B733A34333A226874493830755A733958526F6B6F4572415F4E65644E3632444C59656C7742634C6D314567346567534741223B733A31343A225F73656375726974795F6D61696E223B733A3639343A22433A37343A2253796D666F6E795C436F6D706F6E656E745C53656375726974795C436F72655C41757468656E7469636174696F6E5C546F6B656E5C557365726E616D6550617373776F7264546F6B656E223A3630363A7B613A333A7B693A303B4E3B693A313B733A343A226D61696E223B693A323B733A3536363A22613A343A7B693A303B433A32383A225573756172696F42756E646C655C456E746974795C5573756172696F223A3232323A7B613A383A7B693A303B733A36303A2224327924313324354975616E6D2F3459506D366C4F476C7935342F4D4F71734A5039477346546C612F44713857572E6441756A5353582F336B526F71223B693A313B4E3B693A323B733A31313A227061626C6F2E616275696E223B693A333B733A31313A227061626C6F2E616275696E223B693A343B623A313B693A353B693A333B693A363B733A32363A227061626C6F2E616275696E407061726473726C2E636F6D2E6172223B693A373B733A32363A227061626C6F2E616275696E407061726473726C2E636F6D2E6172223B7D7D693A313B623A313B693A323B613A323A7B693A303B4F3A34313A2253796D666F6E795C436F6D706F6E656E745C53656375726974795C436F72655C526F6C655C526F6C65223A313A7B733A34373A220053796D666F6E795C436F6D706F6E656E745C53656375726974795C436F72655C526F6C655C526F6C6500726F6C65223B733A31363A22524F4C455F53555045525F41444D494E223B7D693A313B4F3A34313A2253796D666F6E795C436F6D706F6E656E745C53656375726974795C436F72655C526F6C655C526F6C65223A313A7B733A34373A220053796D666F6E795C436F6D706F6E656E745C53656375726974795C436F72655C526F6C655C526F6C6500726F6C65223B733A393A22524F4C455F55534552223B7D7D693A333B613A303A7B7D7D223B7D7D223B733A36303A225F637372662F68747470732D6170705F62756E646C655F65737461646973746963615F67656E6572616C5F66656368615F66696C7465725F74797065223B733A34333A2257636E41636D306739485639634A4E7053495464517A676A663977735375474C53323448395448514E7863223B7D5F7366325F6D6574617C613A333A7B733A313A2275223B693A313531323535383931353B733A313A2263223B693A313531323535383834363B733A313A226C223B733A353A223231363030223B7D',1512558916,21600),
	(X'6332613435623535653963383762316137386561326339633735623539363435',X'5F7366325F617474726962757465737C613A313A7B733A32343A225F637372662F68747470732D61757468656E746963617465223B733A34333A22552D3752384578465769735A703461537162475351514E7767355A454367482D36334E37737866742D5777223B7D5F7366325F6D6574617C613A333A7B733A313A2275223B693A313531323535383938323B733A313A2263223B693A313531323535383938323B733A313A226C223B733A353A223231363030223B7D',1512558982,21600),
	(X'6336653330313862393331613239666266666662376130656230343032336464',X'5F7366325F617474726962757465737C613A313A7B733A32363A225F73656375726974792E6D61696E2E7461726765745F70617468223B733A32373A2268747470733A2F2F6170702E7061726473726C2E636F6D2E61722F223B7D5F7366325F6D6574617C613A333A7B733A313A2275223B693A313531323533393138323B733A313A2263223B693A313531323533393138323B733A313A226C223B733A353A223231363030223B7D',1512539182,21600),
	(X'6337656531356666396162366330373463303462386335343035666233356533',X'5F7366325F617474726962757465737C613A313A7B733A32343A225F637372662F68747470732D61757468656E746963617465223B733A34333A22584E6B6F65306C69366D5370614C6C6D416F46583837356234754E5F5768427135494471492D704C674349223B7D5F7366325F6D6574617C613A333A7B733A313A2275223B693A313531323534323738313B733A313A2263223B693A313531323534323738313B733A313A226C223B733A353A223231363030223B7D',1512542781,21600),
	(X'6364613333303763333561333332666137313538393039356438653233343332',X'5F7366325F617474726962757465737C613A313A7B733A32343A225F637372662F68747470732D61757468656E746963617465223B733A34333A2271414F7157424B58376B6B7A556B685A7A587365666E627A7A76434D4E6669624C656A666F356A3771714D223B7D5F7366325F6D6574617C613A333A7B733A313A2275223B693A313531323535343438323B733A313A2263223B693A313531323535343438323B733A313A226C223B733A353A223231363030223B7D',1512554482,21600),
	(X'6539313838303666393332646534373036373566333566313531353534336532',X'5F7366325F617474726962757465737C613A313A7B733A32363A225F73656375726974792E6D61696E2E7461726765745F70617468223B733A32373A2268747470733A2F2F6170702E7061726473726C2E636F6D2E61722F223B7D5F7366325F6D6574617C613A333A7B733A313A2275223B693A313531323535313738313B733A313A2263223B693A313531323535313738313B733A313A226C223B733A353A223231363030223B7D',1512551781,21600),
	(X'6539346262343834353738326565323230636636353765366166306133353636',X'5F7366325F617474726962757465737C613A313A7B733A32343A225F637372662F68747470732D61757468656E746963617465223B733A34333A2269385158626D78594C683776774E545639772D517359334E725851473935704E6A774B4B58545938354441223B7D5F7366325F6D6574617C613A333A7B733A313A2275223B693A313531323535363238323B733A313A2263223B693A313531323535363238323B733A313A226C223B733A353A223231363030223B7D',1512556282,21600),
	(X'6566323231316233383530333736626466666331613038363033343263653534',X'5F7366325F617474726962757465737C613A313A7B733A32363A225F73656375726974792E6D61696E2E7461726765745F70617468223B733A32373A2268747470733A2F2F6170702E7061726473726C2E636F6D2E61722F223B7D5F7366325F6D6574617C613A333A7B733A313A2275223B693A313531323534313838313B733A313A2263223B693A313531323534313838313B733A313A226C223B733A353A223231363030223B7D',1512541881,21600),
	(X'6638336665343361326531653461356138386266383363636465633037313136',X'5F7366325F617474726962757465737C613A313A7B733A32363A225F73656375726974792E6D61696E2E7461726765745F70617468223B733A32373A2268747470733A2F2F6170702E7061726473726C2E636F6D2E61722F223B7D5F7366325F6D6574617C613A333A7B733A313A2275223B693A313531323535373138313B733A313A2263223B693A313531323535373138313B733A313A226C223B733A353A223231363030223B7D',1512557181,21600),
	(X'6662353432646639396634313634363732306164626633313531313638323030',X'5F7366325F617474726962757465737C613A313A7B733A32363A225F73656375726974792E6D61696E2E7461726765745F70617468223B733A32373A2268747470733A2F2F6170702E7061726473726C2E636F6D2E61722F223B7D5F7366325F6D6574617C613A333A7B733A313A2275223B693A313531323535383938313B733A313A2263223B693A313531323535383938313B733A313A226C223B733A353A223231363030223B7D',1512558981,21600),
	(X'6662626333616363333031373538303961343132646463376430386632376636',X'5F7366325F617474726962757465737C613A313A7B733A32363A225F73656375726974792E6D61696E2E7461726765745F70617468223B733A32373A2268747470733A2F2F6170702E7061726473726C2E636F6D2E61722F223B7D5F7366325F6D6574617C613A333A7B733A313A2275223B693A313531323535383038313B733A313A2263223B693A313531323535383038313B733A313A226C223B733A353A223231363030223B7D',1512558081,21600),
	(X'6663663432343233386433663631306136376533633633333031326266363537',X'5F7366325F617474726962757465737C613A313A7B733A32343A225F637372662F68747470732D61757468656E746963617465223B733A34333A225F4B77757A446E64564B714A49517A5738614663537232585F2D4859337271757874397A66335A6C365677223B7D5F7366325F6D6574617C613A333A7B733A313A2275223B693A313531323533393138323B733A313A2263223B693A313531323533393138323B733A313A226C223B733A353A223231363030223B7D',1512539182,21600);

/*!40000 ALTER TABLE `sessions` ENABLE KEYS */;
UNLOCK TABLES;


# Volcado de tabla tipo_recurso
# ------------------------------------------------------------

DROP TABLE IF EXISTS `tipo_recurso`;

CREATE TABLE `tipo_recurso` (
  `id` int(11) NOT NULL AUTO_INCREMENT,
  `nombre` varchar(255) COLLATE utf8_unicode_ci NOT NULL,
  `descripcion` varchar(255) COLLATE utf8_unicode_ci DEFAULT NULL,
  `slug` varchar(255) COLLATE utf8_unicode_ci NOT NULL,
  PRIMARY KEY (`id`),
  UNIQUE KEY `UNIQ_A14216C43A909126` (`nombre`),
  UNIQUE KEY `UNIQ_A14216C4989D9B62` (`slug`)
) ENGINE=InnoDB DEFAULT CHARSET=utf8 COLLATE=utf8_unicode_ci;

LOCK TABLES `tipo_recurso` WRITE;
/*!40000 ALTER TABLE `tipo_recurso` DISABLE KEYS */;

INSERT INTO `tipo_recurso` (`id`, `nombre`, `descripcion`, `slug`)
VALUES
	(1,'Reporte',NULL,'reporte');

/*!40000 ALTER TABLE `tipo_recurso` ENABLE KEYS */;
UNLOCK TABLES;


# Volcado de tabla tuberia
# ------------------------------------------------------------

DROP TABLE IF EXISTS `tuberia`;

CREATE TABLE `tuberia` (
  `id` int(11) NOT NULL AUTO_INCREMENT,
  `equipo_id` int(11) DEFAULT NULL,
  `creado_por_id` int(11) DEFAULT NULL,
  `actualizado_por_id` int(11) DEFAULT NULL,
  `marca` varchar(255) COLLATE utf8_unicode_ci NOT NULL,
  `modelo` varchar(255) COLLATE utf8_unicode_ci NOT NULL,
  `longitud` varchar(10) COLLATE utf8_unicode_ci NOT NULL,
  `diametro` varchar(10) COLLATE utf8_unicode_ci NOT NULL,
  `espesor` varchar(10) COLLATE utf8_unicode_ci NOT NULL,
  `presion_maxima` varchar(10) COLLATE utf8_unicode_ci NOT NULL,
  `nro_serie` varchar(25) COLLATE utf8_unicode_ci NOT NULL,
  `activo` tinyint(1) NOT NULL,
  `fecha_creacion` datetime NOT NULL,
  `fecha_actualizacion` datetime NOT NULL,
  PRIMARY KEY (`id`),
  KEY `IDX_E851A93623BFBED` (`equipo_id`),
  KEY `IDX_E851A936FE35D8C4` (`creado_por_id`),
  KEY `IDX_E851A936F6167A1C` (`actualizado_por_id`),
  CONSTRAINT `FK_E851A93623BFBED` FOREIGN KEY (`equipo_id`) REFERENCES `equipo` (`id`),
  CONSTRAINT `FK_E851A936F6167A1C` FOREIGN KEY (`actualizado_por_id`) REFERENCES `fos_user` (`id`),
  CONSTRAINT `FK_E851A936FE35D8C4` FOREIGN KEY (`creado_por_id`) REFERENCES `fos_user` (`id`)
) ENGINE=InnoDB DEFAULT CHARSET=utf8 COLLATE=utf8_unicode_ci;



# Volcado de tabla usr_accion
# ------------------------------------------------------------

DROP TABLE IF EXISTS `usr_accion`;

CREATE TABLE `usr_accion` (
  `id` int(11) NOT NULL AUTO_INCREMENT,
  `nombre` varchar(100) COLLATE utf8_unicode_ci NOT NULL,
  `descripcion` varchar(255) COLLATE utf8_unicode_ci DEFAULT NULL,
  `ruta` varchar(100) COLLATE utf8_unicode_ci NOT NULL,
  `activo` tinyint(1) NOT NULL,
  PRIMARY KEY (`id`),
  UNIQUE KEY `UNIQ_3AEC941EC3AEF08C` (`ruta`)
) ENGINE=InnoDB DEFAULT CHARSET=utf8 COLLATE=utf8_unicode_ci;

LOCK TABLES `usr_accion` WRITE;
/*!40000 ALTER TABLE `usr_accion` DISABLE KEYS */;

INSERT INTO `usr_accion` (`id`, `nombre`, `descripcion`, `ruta`, `activo`)
VALUES
	(1,'ACCION_BORRAR',NULL,'accion_delete',1),
	(2,'ACCION_EDITAR',NULL,'accion_edit',1),
	(3,'ACCION_NUEVA',NULL,'accion_new',1),
	(4,'ACCION_MOSTRAR',NULL,'accion_show',1),
	(6,'COMPAÑIA_BORRAR',NULL,'compania_delete',1),
	(7,'COMPAÑIA_EDITAR',NULL,'compania_edit',1),
	(8,'COMPAÑIA_NUEVA',NULL,'compania_new',1),
	(9,'COMPAÑIA_MOSTRAR',NULL,'compania_show',1),
	(10,'DASHBOARD',NULL,'dashboard',1),
	(11,'EQUIPO_BORRAR',NULL,'equipo_delete',1),
	(12,'EQUIPO_EDITAR',NULL,'equipo_edit',1),
	(13,'EQUIPO_NUEVO',NULL,'equipo_new',1),
	(14,'EQUIPO_MOSTRAR',NULL,'equipo_show',1),
	(15,'EQUIPO_GRAFICAS',NULL,'equipo_graficas',1),
	(16,'EQUIPO_INSTRUMENTOS',NULL,'equipo_instrumentos',1),
	(17,'EQUIPO_LISTADO',NULL,'equipo_index',1),
	(18,'ACCION_LISTADO',NULL,'accion_index',1),
	(19,'COMPAÑIA_LISTADO',NULL,'compania_index',1),
	(20,'INTERVENCION_LISTADO',NULL,'intervencion_index',1),
	(21,'INTERVENCION_NUEVA',NULL,'intervencion_nueva',1),
	(22,'LOCALIDAD_LISTADO',NULL,'localidad_index',1),
	(23,'LOCALIDAD_BORRAR',NULL,'localidad_delete',1),
	(24,'LOCALIDAD_EDITAR',NULL,'localidad_edit',1),
	(25,'LOCALIDAD_NUEVA',NULL,'localidad_new',1),
	(26,'LOCALIDAD_MOSTRAR',NULL,'localidad_show',1),
	(27,'NOTIFICACIONES_PERSONALES',NULL,'notificaciones_personales',1),
	(28,'NOTIFICACIONES_SISTEMA',NULL,'notificaciones_sistema',1),
	(29,'PAIS_LISTADO',NULL,'pais_index',1),
	(30,'PAIS_BORRAR',NULL,'pais_delete',1),
	(31,'PAIS_EDITAR',NULL,'pais_edit',1),
	(32,'PAIS_NUEVO',NULL,'pais_new',1),
	(33,'PAIS_MOSTRAR',NULL,'pais_show',1),
	(34,'PERSONA_LISTADO',NULL,'persona_index',1),
	(35,'PERSONA_BORRAR',NULL,'persona_delete',1),
	(36,'PERSONA_EDITAR',NULL,'persona_edit',1),
	(37,'PERSONA_NUEVA',NULL,'persona_new',1),
	(38,'PERSONA_MOSTRAR',NULL,'persona_show',1),
	(39,'POZO_LISTADO',NULL,'pozo_index',1),
	(40,'POZO_BORRAR',NULL,'pozo_delete',1),
	(41,'POZO_EDITAR',NULL,'pozo_edit',1),
	(42,'POZO_NUEVO',NULL,'pozo_new',1),
	(43,'POZO_MOSTRAR',NULL,'pozo_show',1),
	(44,'PROVINCIA_LISTADO',NULL,'provincia_index',1),
	(45,'PROVINCIA_BORRAR',NULL,'provincia_delete',1),
	(46,'PROVINCIA_EDITAR',NULL,'provincia_edit',1),
	(47,'PROVINCIA_NUEVA',NULL,'provincia_new',1),
	(48,'PROVINCIA_MOSTRAR',NULL,'provincia_show',1),
	(49,'ROL_LISTADO',NULL,'rol_index',1),
	(50,'ROL_BORRAR',NULL,'rol_delete',1),
	(51,'ROL_EDITAR',NULL,'rol_edit',1),
	(52,'ROL_NUEVO',NULL,'rol_new',1),
	(53,'ROL_MOSTRAR',NULL,'rol_show',1),
	(54,'YACIMIENTO_LISTADO',NULL,'yacimiento_index',1),
	(55,'YACIMIENTO_BORRAR',NULL,'yacimiento_delete',1),
	(56,'YACIMIENTO_EDITAR',NULL,'yacimiento_edit',1),
	(57,'YACIMIENTO_NUEVA',NULL,'yacimiento_new',1),
	(58,'YACIMIENTO_MOSTRAR',NULL,'yacimiento_show',1),
	(59,'FUNCIONALIDAD_LISTADO',NULL,'funcionalidad_index',1),
	(60,'FUNCIONALIDAD_BORRAR',NULL,'funcionalidad_delete',1),
	(61,'FUNCIONALIDAD_EDITAR',NULL,'funcionalidad_edit',1),
	(62,'FUNCIONALIDAD_NUEVA',NULL,'funcionalidad_new',1),
	(63,'FUNCIONALIDAD_MOSTRAR',NULL,'funcionalidad_show',1),
	(64,'PERSONA_PERFIL',NULL,'persona_perfil',1),
	(65,'NOTIFICACIONES_TIMELINE',NULL,'notificaciones_timeline',1),
	(66,'INSPECCION_TIEMPO_REAL_TUBERIA',NULL,'tiempo_real_tuberia',1),
	(67,'TUBERIA_INDEX',NULL,'tuberia_index',1),
	(68,'TUBERIA_NUEVA',NULL,'tuberia_new',1),
	(69,'TUBERIA_EDITAR',NULL,'tuberia_edit',1),
	(70,'REPORTE_LISTADO',NULL,'reporte_index',1),
	(71,'REPORTE_VER_PDF',NULL,'reporte_ver_pdf',1),
	(72,'EQUIPO_ESTADISTICAS',NULL,'equipo_estadisticas',1),
	(73,'EQUIPO_ESTADISTICAS_DATOS',NULL,'equipo_estadisticas_datos',1),
	(74,'EQUIPO_ESTADISTICAS_INDIVIDUALES',NULL,'equipo_estadisticas_individuales',1),
	(75,'ESTADISTICA_FACTOR_TIEMPO_UTIL',NULL,'estadistica_factor_tiempo_util',1),
	(76,'ESTADISTICA_OPERACIONES_INDIVIDUALES_YACIMIENTO',NULL,'estadistica_operaciones_individuales_por_yacimient',1),
	(77,'ESTADISTICA_OPERACIONES_POR_EQUIPO',NULL,'estadistica_operaciones_por_equipo',1),
	(78,'ESTADISTICA_PROMEDIOS_CANOS_HORA',NULL,'estadistica_promedios_canos_hora',1),
	(79,'ESTADISTICA_PROMEDIOS_INDIVIDUALES_CANOS_HORA',NULL,'estadistica_promedios_individuales_canos_hora',1),
	(80,'ESTADISTICA_PROMEDIOS_INDIVIDUALES_VARILLAS_HORA',NULL,'estadistica_promedios_individuales_varillas_hora',1),
	(81,'ESTADISTICA_PROMEDIOS_VARILLAS_HORA',NULL,'estadistica_promedios_varillas_hora',1),
	(82,'NOVEDAD_LISTADO',NULL,'novedad_index',1),
	(83,'NOVEDAD_NUEVA',NULL,'novedad_nueva',1),
	(84,'NOVEDAD_CERRAR',NULL,'novedad_cerrar',1),
	(85,'SEGURIDAD_EDITOR_AVANZADO',NULL,'seguridad_editor_avanzado',1),
	(86,'SEGURIDAD_ACTIVAR_FUNCIONALIDAD_ACCION',NULL,'seguridad_activar_funcionalidad_accion',1),
	(87,'SEGURIDAD_ACTIVAR_FUNCIONALIDAD_ROL',NULL,'seguridad_activar_funcionalidad_rol',1),
	(88,'SEGURIDAD_DESACTIVAR_FUNCIONALIDAD_ACCION',NULL,'seguridad_desactivar_funcionalidad_accion',1),
	(89,'SEGURIDAD_DESACTIVAR_FUNCIONALIDAD_ROL',NULL,'seguridad_desactivar_funcionalidad_rol',1),
	(90,'LOG_AUTHENTICATION',NULL,'log_authentication',1),
	(91,'EQUIPO_GRAFICAS_HISTORICAS',NULL,'equipo_graficas_historicas',1),
	(92,'ESTADISTICA_OPERACIONES_POR_YACIMIENTO',NULL,'estadistica_operaciones_por_yacimiento',1),
	(93,'ESTADISTICA_OPERACIONES_INDIVIDUALES_POR_YACIMIENTO',NULL,'estadistica_operaciones_individuales_por_yacimiento',1),
	(94,'ESTADISTICA_INDIVIDUALES_FACTOR_TIEMPO_UTIL',NULL,'estadistica_individuales_factor_tiempo_util',1),
	(95,'MAPA_POZOS_INTERVENIDOS_ACTUALMENTE',NULL,'mapa_pozos_intervenidos_actualmente',1),
	(96,'MAPA_TRAZADO_POZOS',NULL,'mapa_trazado_pozos',1),
	(97,'NOTIFICACIONES_MARCAR_LEIDO',NULL,'notificaciones_marcar_leido',1),
	(103,'CAMBIAR_PASSWORD',NULL,'cambiar_password',1),
	(104,'CAMBIAR_PASSWORD_FORM',NULL,'cambiar_password_form',1),
	(110,'LOG_ACCESO_DENEGADO',NULL,'log_acceso_denegado',1),
	(111,'MANIOBRA_INDEX',NULL,'maniobra_index',1),
	(112,'MANIOBRA_SHOW',NULL,'maniobra_show',1),
	(113,'MANIOBRA_NEW',NULL,'maniobra_new',1),
	(114,'MANIOBRA_EDIT',NULL,'maniobra_edit',1),
	(115,'MANIOBRA_DELETE',NULL,'maniobra_delete',1),
	(116,'INTERVENCION_EQUIPO_INDEX',NULL,'intervencion_equipo_index',1);

/*!40000 ALTER TABLE `usr_accion` ENABLE KEYS */;
UNLOCK TABLES;


# Volcado de tabla usr_funcionalidad
# ------------------------------------------------------------

DROP TABLE IF EXISTS `usr_funcionalidad`;

CREATE TABLE `usr_funcionalidad` (
  `id` int(11) NOT NULL AUTO_INCREMENT,
  `nombre` varchar(50) COLLATE utf8_unicode_ci NOT NULL,
  `descripcion` varchar(255) COLLATE utf8_unicode_ci DEFAULT NULL,
  `activo` tinyint(1) NOT NULL,
  PRIMARY KEY (`id`)
) ENGINE=InnoDB DEFAULT CHARSET=utf8 COLLATE=utf8_unicode_ci;

LOCK TABLES `usr_funcionalidad` WRITE;
/*!40000 ALTER TABLE `usr_funcionalidad` DISABLE KEYS */;

INSERT INTO `usr_funcionalidad` (`id`, `nombre`, `descripcion`, `activo`)
VALUES
	(1,'ABM USUARIOS',NULL,1),
	(2,'ABM EQUIPOS','',1),
	(3,'ABM POZOS','',1),
	(4,'ABM YACIMIENTOS','',1),
	(5,'ABM COMPAÑÍAS','',1),
	(6,'ABM ROLES','',1),
	(7,'ABM TERRITORIAL','',1),
	(8,'MIS EQUIPOS - ESTADISTICAS',NULL,1),
	(9,'MIS EQUIPOS - INSTRUMENTOS','',1),
	(10,'NOTIFICACIONES','',1),
	(11,'MENSAJES','',1),
	(12,'ABM NIVELES DE ACCESO','',1),
	(13,'DASHBOARD','',1),
	(14,'MI PERFIL','',1),
	(15,'INSPECCION_TUBERIAS',NULL,0),
	(16,'REPORTES',NULL,1),
	(17,'NOVEDADES',NULL,1),
	(18,'EDITOR AVANZADO DE SEGURIDAD',NULL,1),
	(19,'LOGS DE SISTEMA',NULL,1),
	(20,'ABM MANIOBRAS',NULL,1),
	(21,'ALTA DE INTERVENCIONES',NULL,1);

/*!40000 ALTER TABLE `usr_funcionalidad` ENABLE KEYS */;
UNLOCK TABLES;


# Volcado de tabla usr_funcionalidad_accion
# ------------------------------------------------------------

DROP TABLE IF EXISTS `usr_funcionalidad_accion`;

CREATE TABLE `usr_funcionalidad_accion` (
  `id` int(11) NOT NULL AUTO_INCREMENT,
  `accion_id` int(11) NOT NULL,
  `funcionalidad_id` int(11) NOT NULL,
  `activo` tinyint(1) NOT NULL,
  PRIMARY KEY (`id`),
  KEY `IDX_D02184163F4B5275` (`accion_id`),
  KEY `IDX_D02184163637E16E` (`funcionalidad_id`),
  CONSTRAINT `FK_D02184163637E16E` FOREIGN KEY (`funcionalidad_id`) REFERENCES `usr_funcionalidad` (`id`),
  CONSTRAINT `FK_D02184163F4B5275` FOREIGN KEY (`accion_id`) REFERENCES `usr_accion` (`id`)
) ENGINE=InnoDB DEFAULT CHARSET=utf8 COLLATE=utf8_unicode_ci;

LOCK TABLES `usr_funcionalidad_accion` WRITE;
/*!40000 ALTER TABLE `usr_funcionalidad_accion` DISABLE KEYS */;

INSERT INTO `usr_funcionalidad_accion` (`id`, `accion_id`, `funcionalidad_id`, `activo`)
VALUES
	(28,11,2,1),
	(31,34,1,1),
	(32,35,1,1),
	(33,36,1,1),
	(34,37,1,1),
	(35,38,1,1),
	(36,12,2,1),
	(37,13,2,1),
	(38,14,2,1),
	(39,17,2,1),
	(40,39,3,1),
	(41,40,3,1),
	(42,41,3,1),
	(43,42,3,1),
	(44,43,3,1),
	(45,54,4,1),
	(46,55,4,1),
	(47,56,4,1),
	(48,57,4,1),
	(49,58,4,1),
	(50,6,5,1),
	(51,7,5,1),
	(52,8,5,1),
	(53,9,5,1),
	(54,19,5,1),
	(55,49,6,1),
	(56,50,6,1),
	(57,51,6,1),
	(58,52,6,1),
	(59,53,6,1),
	(60,29,7,1),
	(61,30,7,1),
	(62,31,7,1),
	(63,32,7,1),
	(64,33,7,1),
	(65,44,7,1),
	(66,45,7,1),
	(67,46,7,1),
	(68,47,7,1),
	(69,48,7,1),
	(70,22,7,1),
	(71,23,7,1),
	(72,24,7,1),
	(73,25,7,1),
	(74,26,7,1),
	(75,15,8,1),
	(76,16,9,1),
	(77,27,10,1),
	(78,28,10,1),
	(79,59,12,1),
	(80,60,12,1),
	(81,61,12,1),
	(82,62,12,1),
	(83,63,12,1),
	(84,10,13,1),
	(86,21,3,1),
	(87,20,3,1),
	(88,1,12,1),
	(89,2,12,1),
	(90,3,12,1),
	(91,4,12,1),
	(92,18,12,1),
	(93,64,14,1),
	(94,65,10,1),
	(95,66,15,1),
	(96,70,16,1),
	(97,71,16,1),
	(98,72,8,1),
	(99,73,8,1),
	(100,75,8,1),
	(101,76,8,1),
	(102,77,8,1),
	(103,78,8,1),
	(104,79,8,1),
	(105,80,8,1),
	(106,81,8,1),
	(107,82,17,1),
	(108,83,17,1),
	(109,84,17,1),
	(110,74,8,1),
	(111,85,18,1),
	(112,89,18,1),
	(113,88,18,1),
	(114,87,18,1),
	(115,86,18,1),
	(116,103,1,1),
	(117,104,14,1),
	(118,97,10,1),
	(119,91,8,1),
	(120,95,8,1),
	(121,96,8,1),
	(122,110,19,1),
	(123,90,19,1),
	(124,115,20,1),
	(125,114,20,1),
	(126,111,20,1),
	(127,113,20,1),
	(128,112,20,1),
	(129,116,21,1);

/*!40000 ALTER TABLE `usr_funcionalidad_accion` ENABLE KEYS */;
UNLOCK TABLES;


# Volcado de tabla usr_funcionalidad_rol
# ------------------------------------------------------------

DROP TABLE IF EXISTS `usr_funcionalidad_rol`;

CREATE TABLE `usr_funcionalidad_rol` (
  `id` int(11) NOT NULL AUTO_INCREMENT,
  `rol_id` int(11) NOT NULL,
  `funcionalidad_id` int(11) NOT NULL,
  `activo` tinyint(1) NOT NULL,
  PRIMARY KEY (`id`),
  KEY `IDX_ECF8DCE94BAB96C` (`rol_id`),
  KEY `IDX_ECF8DCE93637E16E` (`funcionalidad_id`),
  CONSTRAINT `FK_ECF8DCE93637E16E` FOREIGN KEY (`funcionalidad_id`) REFERENCES `usr_funcionalidad` (`id`),
  CONSTRAINT `FK_ECF8DCE94BAB96C` FOREIGN KEY (`rol_id`) REFERENCES `usr_rol` (`id`)
) ENGINE=InnoDB DEFAULT CHARSET=utf8 COLLATE=utf8_unicode_ci;

LOCK TABLES `usr_funcionalidad_rol` WRITE;
/*!40000 ALTER TABLE `usr_funcionalidad_rol` DISABLE KEYS */;

INSERT INTO `usr_funcionalidad_rol` (`id`, `rol_id`, `funcionalidad_id`, `activo`)
VALUES
	(1,1,13,1),
	(3,1,3,1),
	(4,1,2,1),
	(5,1,4,1),
	(10,1,8,1),
	(11,1,9,1),
	(12,1,10,1),
	(13,2,1,1),
	(14,2,2,1),
	(15,2,3,1),
	(16,2,8,1),
	(17,2,9,1),
	(18,2,10,1),
	(19,2,11,0),
	(20,2,13,1),
	(21,3,2,1),
	(22,3,3,1),
	(23,3,8,1),
	(24,3,9,1),
	(25,3,10,1),
	(26,3,11,0),
	(27,3,13,1),
	(28,4,8,1),
	(29,4,9,1),
	(30,4,10,1),
	(31,4,11,0),
	(32,4,13,1),
	(33,5,8,1),
	(34,5,9,1),
	(35,5,10,1),
	(36,5,11,0),
	(37,5,13,1),
	(39,2,14,1),
	(40,3,14,1),
	(41,4,14,1),
	(42,5,14,1),
	(43,1,14,1),
	(44,5,4,1),
	(45,5,3,1),
	(46,5,16,1),
	(47,1,17,1),
	(48,5,17,1),
	(49,1,6,0),
	(50,1,7,0),
	(51,1,1,0),
	(52,1,16,1),
	(53,4,19,0),
	(54,4,17,1),
	(55,1,21,1),
	(56,5,21,1);

/*!40000 ALTER TABLE `usr_funcionalidad_rol` ENABLE KEYS */;
UNLOCK TABLES;


# Volcado de tabla usr_menu
# ------------------------------------------------------------

DROP TABLE IF EXISTS `usr_menu`;

CREATE TABLE `usr_menu` (
  `id` int(11) NOT NULL AUTO_INCREMENT,
  `padre_id` int(11) DEFAULT NULL,
  `accion_id` int(11) DEFAULT NULL,
  `nombre` varchar(255) COLLATE utf8_unicode_ci NOT NULL,
  `descripcion` varchar(255) COLLATE utf8_unicode_ci DEFAULT NULL,
  `clase_icono` varchar(255) COLLATE utf8_unicode_ci DEFAULT NULL,
  `orden` int(11) NOT NULL,
  `activo` tinyint(1) NOT NULL,
  `es_header` tinyint(1) NOT NULL,
  PRIMARY KEY (`id`),
  KEY `IDX_FCFA9B74613CEC58` (`padre_id`),
  KEY `IDX_FCFA9B743F4B5275` (`accion_id`),
  CONSTRAINT `FK_FCFA9B743F4B5275` FOREIGN KEY (`accion_id`) REFERENCES `usr_accion` (`id`),
  CONSTRAINT `FK_FCFA9B74613CEC58` FOREIGN KEY (`padre_id`) REFERENCES `usr_menu` (`id`)
) ENGINE=InnoDB DEFAULT CHARSET=utf8 COLLATE=utf8_unicode_ci;

LOCK TABLES `usr_menu` WRITE;
/*!40000 ALTER TABLE `usr_menu` DISABLE KEYS */;

INSERT INTO `usr_menu` (`id`, `padre_id`, `accion_id`, `nombre`, `descripcion`, `clase_icono`, `orden`, `activo`, `es_header`)
VALUES
	(1,NULL,NULL,'ADMINISTRACION',NULL,NULL,1,1,1),
	(2,1,NULL,'Compañías',NULL,'fa-building-o',1,1,0),
	(3,2,19,'Listado',NULL,'fa-circle-o',2,1,0),
	(4,2,8,'Nueva',NULL,'fa-circle-o',3,1,0),
	(5,1,NULL,'Equipos',NULL,'fa-cubes',4,1,0),
	(6,5,17,'Listado',NULL,'fa-circle-o',5,1,0),
	(7,5,13,'Nuevo',NULL,'fa-circle-o',6,1,0),
	(8,1,NULL,'Yacimientos',NULL,'fa-image',7,1,0),
	(9,8,54,'Listado',NULL,'fa-circle-o',8,1,0),
	(10,8,57,'Nuevo',NULL,'fa-circle-o',9,1,0),
	(11,1,NULL,'Pozos',NULL,'fa-sort-amount-asc',10,1,0),
	(12,11,39,'Listado',NULL,'fa-circle-o',11,1,0),
	(13,11,42,'Nuevo',NULL,'fa-circle-o',12,1,0),
	(14,30,NULL,'Personas',NULL,'fa-user',13,1,0),
	(15,14,34,'Listado',NULL,'fa-circle-o',14,1,0),
	(16,14,37,'Nuevo',NULL,'fa-circle-o',15,1,0),
	(17,30,NULL,'Roles',NULL,'fa-group',16,1,0),
	(18,17,49,'Listado',NULL,'fa-circle-o',17,1,0),
	(19,17,52,'Nuevo',NULL,'fa-circle-o',18,1,0),
	(20,30,NULL,'Funcionalidades',NULL,'fa-group',19,1,0),
	(21,20,59,'Listado',NULL,'fa-circle-o',20,1,0),
	(22,20,62,'Nueva',NULL,'fa-circle-o',21,1,0),
	(23,30,NULL,'Acciones',NULL,'fa-group',22,1,0),
	(24,23,18,'Listado',NULL,'fa-circle-o',23,1,0),
	(25,23,3,'Nueva',NULL,'fa-circle-o',24,1,0),
	(26,1,NULL,'Territorial',NULL,'fa-map-pin',25,1,0),
	(27,26,29,'Países',NULL,'fa-circle-o',26,1,0),
	(28,26,44,'Provincias',NULL,'fa-circle-o',27,1,0),
	(29,26,22,'Localidades',NULL,'fa-circle-o',28,1,0),
	(30,NULL,NULL,'ADM. USUARIOS Y PERMISOS',NULL,NULL,2,1,1),
	(37,30,85,'Editor Seguridad Avanzado ',NULL,'fa-table',999,1,0),
	(38,NULL,NULL,'LOGS DE SISTEMA',NULL,NULL,3,1,1),
	(39,38,90,'Logs de Inicios de Sesión',NULL,'fa-sign-in',1,1,0),
	(40,38,110,'Logs de accesos denegados',NULL,'fa-hand-stop-o',2,1,0),
	(41,1,NULL,'Maniobras',NULL,'fa-cog',5,1,0),
	(42,41,111,'Listado',NULL,'fa-circle-o',1,1,0),
	(43,41,113,'Nueva',NULL,'fa-circle-o',2,1,0);

/*!40000 ALTER TABLE `usr_menu` ENABLE KEYS */;
UNLOCK TABLES;


# Volcado de tabla usr_rol
# ------------------------------------------------------------

DROP TABLE IF EXISTS `usr_rol`;

CREATE TABLE `usr_rol` (
  `id` int(11) NOT NULL AUTO_INCREMENT,
  `nombre` varchar(100) COLLATE utf8_unicode_ci NOT NULL,
  `slug` varchar(100) COLLATE utf8_unicode_ci NOT NULL,
  `activo` tinyint(1) NOT NULL,
  PRIMARY KEY (`id`),
  UNIQUE KEY `UNIQ_4FE215E33A909126` (`nombre`),
  UNIQUE KEY `UNIQ_4FE215E3989D9B62` (`slug`)
) ENGINE=InnoDB DEFAULT CHARSET=utf8 COLLATE=utf8_unicode_ci;

LOCK TABLES `usr_rol` WRITE;
/*!40000 ALTER TABLE `usr_rol` DISABLE KEYS */;

INSERT INTO `usr_rol` (`id`, `nombre`, `slug`, `activo`)
VALUES
	(1,'ADMINISTRADOR','ROLE_ADMIN',1),
	(2,'ABM','ROLE_ABM',1),
	(3,'GESTOR','ROLE_GESTOR',1),
	(4,'USUARIO BASE','ROLE_USUARIO_BASE',1),
	(5,'USUARIO AVANZADO','ROLE_USUARIO_AVANZADO',1),
	(6,'SUPER ADMINISTRADOR','ROLE_SUPER_ADMIN',1);

/*!40000 ALTER TABLE `usr_rol` ENABLE KEYS */;
UNLOCK TABLES;


# Volcado de tabla yacimiento
# ------------------------------------------------------------

DROP TABLE IF EXISTS `yacimiento`;

CREATE TABLE `yacimiento` (
  `id` int(11) NOT NULL AUTO_INCREMENT,
  `localidad_id` int(11) NOT NULL,
  `compania_id` int(11) NOT NULL,
  `creado_por_id` int(11) DEFAULT NULL,
  `actualizado_por_id` int(11) DEFAULT NULL,
  `nombre` varchar(255) COLLATE utf8_unicode_ci NOT NULL,
  `acronimo` varchar(25) COLLATE utf8_unicode_ci NOT NULL,
  `activo` tinyint(1) NOT NULL,
  `fecha_creacion` datetime NOT NULL,
  `fecha_actualizacion` datetime NOT NULL,
  PRIMARY KEY (`id`),
  KEY `IDX_1A23D53567707C89` (`localidad_id`),
  KEY `IDX_1A23D53512A65948` (`compania_id`),
  KEY `IDX_1A23D535FE35D8C4` (`creado_por_id`),
  KEY `IDX_1A23D535F6167A1C` (`actualizado_por_id`),
  CONSTRAINT `FK_1A23D53512A65948` FOREIGN KEY (`compania_id`) REFERENCES `compania` (`id`),
  CONSTRAINT `FK_1A23D53567707C89` FOREIGN KEY (`localidad_id`) REFERENCES `localidad` (`id`),
  CONSTRAINT `FK_1A23D535F6167A1C` FOREIGN KEY (`actualizado_por_id`) REFERENCES `fos_user` (`id`),
  CONSTRAINT `FK_1A23D535FE35D8C4` FOREIGN KEY (`creado_por_id`) REFERENCES `fos_user` (`id`)
) ENGINE=InnoDB DEFAULT CHARSET=utf8 COLLATE=utf8_unicode_ci;

LOCK TABLES `yacimiento` WRITE;
/*!40000 ALTER TABLE `yacimiento` DISABLE KEYS */;

INSERT INTO `yacimiento` (`id`, `localidad_id`, `compania_id`, `creado_por_id`, `actualizado_por_id`, `nombre`, `acronimo`, `activo`, `fecha_creacion`, `fecha_actualizacion`)
VALUES
	(1,449,1,2,2,'Yacimiento sin especificar','YSE',1,'2017-07-12 09:36:10','2017-07-12 09:36:10');

/*!40000 ALTER TABLE `yacimiento` ENABLE KEYS */;
UNLOCK TABLES;



/*!40111 SET SQL_NOTES=@OLD_SQL_NOTES */;
/*!40101 SET SQL_MODE=@OLD_SQL_MODE */;
/*!40014 SET FOREIGN_KEY_CHECKS=@OLD_FOREIGN_KEY_CHECKS */;
/*!40101 SET CHARACTER_SET_CLIENT=@OLD_CHARACTER_SET_CLIENT */;
/*!40101 SET CHARACTER_SET_RESULTS=@OLD_CHARACTER_SET_RESULTS */;
/*!40101 SET COLLATION_CONNECTION=@OLD_COLLATION_CONNECTION */;
